FID,FeatId1,Route_Name,Route_Numb,Route_Dire,Bus_Orient,Bus_Stop_I,On_Street,At_Street,Location_O,Location_A,X,Y
0,1138,Lauzon 10,0, , ,0,Anchor,Jamieson Entrance, , ,-82.90900712,42.29651651
1,1137,Central 3,0, , ,0,Central,Temple, , ,-82.97167591,42.28690325
2,1136,Parent 14,0, , ,0,Marentette,South Service, , ,-83.00055865,42.27824015
3,1135,Parent 14,0, , ,0,South Service,Devon, , ,-82.99828038,42.2800622
4,1134,Parent 14,0, , ,0,South Service,Devon, , ,-82.99842716,42.27983327
5,1133,Parent 14,0, , ,0,Marentette,South Service, , ,-83.00026619,42.27812374
6,1132,Lauzon 10,0, , ,0,Wyandotte,Martinique, , ,-82.92421831,42.33365347
7,1131,Lauzon 10,0, , ,0,Wyandotte,Florence, , ,-82.91906352,42.33374466
8,1130,Lauzon 10,0, , ,0,Wyandotte,Clover, , ,-82.91599771,42.33378165
9,1129,Lauzon 10,0, , ,0,Wyandotte,Greenpark, , ,-82.90694158,42.33240532
10,1128,Lauzon 10,0, , ,0,Greenpark,Amalfi, , ,-82.90698509,42.33448236
11,1127,Lauzon 10,0, , ,0,Clover,Firgrove, , ,-82.9120792,42.3206204
12,1126,Lauzon 10,0, , ,0,WFCU Centre,Main Entrance, , ,-82.92808152,42.31977334
13,1125,Lauzon 10,0, , ,0,WFCU Centre,Main Entrance, , ,-82.92887647,42.31959984
14,1124,Lauzon 10,0, , ,0,Banwell,Wildwood, , ,-82.89933082,42.3065591
15,1123,Lauzon 10,0, , ,0,Anchor,CS Wind, , ,-82.91260744,42.29584465
16,1122,Lauzon 10,0, , ,0,Anchor,Green Shield, , ,-82.91727104,42.29500426
17,1121,Lauzon 10,0, , ,0,Anchor,Twin Oaks, , ,-82.91843104,42.29293567
18,1120,Lauzon 10,0, , ,0,Forest Glade,Meadowbrook, , ,-82.92503473,42.29890103
19,1119,Lauzon 10,0, , ,0,Lauzon,Forest Glade, , ,-82.92299746,42.2998788
20,1118,Lauzon 10,0, , ,0,Lauzon,Vince, , ,-82.92722103,42.30670359
21,1117,Walkerville 8,0, , ,0,North Talbot,Old West, , ,-82.97774062,42.24236562
22,1116,Transway 1C,0, , ,0,Tecumseh,Forest, , ,-83.00945309,42.29934574
23,1115,South Windsor 7,0, , ,0,St Clair,Front Entrance, , ,-83.01772951,42.24612438
24,1114,Dougall 6,0, , ,0,St Clair,Front Entrance, , ,-83.01786306,42.24608867
25,1113,Transway 1A,0, , ,0,Howard,Memorial, , ,-83.01347541,42.29141932
26,1112,Transway 1A,0, , ,0,Sydney,Division, , ,-83.00080397,42.2710438
27,1111,Walkerville 8,0, , ,0,Lincoln,Lens, , ,-83.00166111,42.29942147
28,1110,Walkerville 8,0, , ,0,Lincoln,Lens, , ,-83.00134538,42.29918156
29,1109,Walkerville 8,0, , ,0,Ypres,Chilver, , ,-82.99678527,42.29565359
30,1108,Walkerville 8,0, , ,0,Ypres,Chilver, , ,-82.99698199,42.29537853
31,1107,Lauzon 10,0, , ,0,McHugh,Florence, , ,-82.92177853,42.3193055
32,1106,Lauzon 10,0, , ,0,Little River,Banwell, , ,-82.90394171,42.32565438
33,1105,Ottawa 4,0, , ,0,Giles,Mercer, , ,-83.02513905,42.30773054
34,1104,Central 3,0, , ,0,Crawford,Wyandotte, , ,-83.04676525,42.31008557
35,1103,Walkerville 8,0, , ,0,Riverside,McDougall, , ,-83.03514506,42.32080645
36,1102,Dominion 5,0, , ,0,Riverside,Caron, , ,-83.04812306,42.31773191
37,1101,Crosstown 2,0, , ,0,Wyandotte,St Paul, , ,-82.94531042,42.33309683
38,1100,Transway 1C,0, , ,0,Victoria,University, , ,-83.04110202,42.31727281
39,1099,Ottawa 4,0, , ,0,Ouellette,Wyandotte, , ,-83.03680692,42.31378132
40,1098,Dougall 6,0, , ,0,Bruce,Elliott, , ,-83.04084376,42.30998558
41,1097,Walkerville 8,0, , ,0,Walker,Provincial, , ,-82.96276695,42.25071015
42,1096,Walkerville 8,0, , ,0,Walker,Provincial, , ,-82.96302519,42.25147431
43,1095,Central 3,0, , ,0,Rhodes,Wheelton, , ,-82.96601425,42.28181575
44,1094,Central 3,0, , ,0,Erie,Parent, , ,-83.0198583,42.31381669
45,1093,South Windsor 7,0, , ,0,Malden,Orford, , ,-83.06084173,42.24899702
46,1092,Parent 14,0, , ,0,Devonshire Mall,Moxie's, , ,-82.99965546,42.27377751
47,1091,South Windsor 7,0, , ,0,Devonshire Mall,Moxies, , ,-82.9997826,42.27373955
48,1090,Lauzon 10,0, , ,0,McHugh,Cypress, , ,-82.91829104,42.3187027
49,1089,Lauzon 10,0, , ,0,McHugh,Cypress, , ,-82.91851756,42.31888817
50,1088,Central 3,0, , ,0,Erie,Marion, , ,-83.01857494,42.31442458
51,1087,Transway 1C,0, , ,0,Tecumseh,Rossini, , ,-82.97431564,42.30628382
52,1086,Transway 1A,0, , ,0,Howard,Tecumseh, , ,-83.01690809,42.29728859
53,1085,Transway 1A,0, , ,0,Transit Terminal,Chatham, , ,-83.04315226,42.31756414
54,1084,Transway 1A,0, , ,0,Ouellette,Chatham, , ,-83.03937821,42.31789027
55,1083,Transway 1A,0, , ,0,Ouellette,Park, , ,-83.03809538,42.3159434
56,1082,Transway 1A,0, , ,0,Ouellette,Wyandotte, , ,-83.03663273,42.31350682
57,1081,Transway 1A,0, , ,0,Ouellette,Elliott, , ,-83.03516762,42.31133164
58,1080,Transway 1A,0, , ,0,Ouellette,Erie, , ,-83.03332924,42.30844017
59,1079,Transway 1A,0, , ,0,Ouellette,Pine, , ,-83.03233737,42.30690611
60,1078,Transway 1A,0, , ,0,Ouellette,Giles, , ,-83.03094825,42.30471317
61,1077,Transway 1A,0, , ,0,Ouellette,Montrose, , ,-83.03032141,42.30373603
62,1076,Transway 1A,0, , ,0,Ouellette,Ellis, , ,-83.02907535,42.30180259
63,1075,Transway 1A,0, , ,0,Ouellette,Shepherd, , ,-83.02806141,42.30023044
64,1074,Transway 1A,0, , ,0,Ouellette,Hanna, , ,-83.02645939,42.29773507
65,1073,Transway 1A,0, , ,0,Tecumseh,Ouellette, , ,-83.02405982,42.2965613
66,1072,Transway 1A,0, , ,0,Tecumseh,McDougall, , ,-83.02164562,42.29700697
67,1071,Transway 1C,0, , ,0,Tecumseh,Howard, , ,-83.01749975,42.29781946
68,1070,Transway 1A,0, , ,0,Howard,Logan, , ,-83.01566434,42.29505026
69,1069,Transway 1A,0, , ,0,Howard,Lens, , ,-83.01400298,42.2923143
70,1068,Transway 1A,0, , ,0,Howard,Eugenie, , ,-83.01285716,42.28788197
71,1067,Transway 1A,0, , ,0,Howard,McDougall, , ,-83.01245615,42.28533529
72,1066,Transway 1A,0, , ,0,Howard,Edinborough, , ,-83.01131905,42.28350453
73,1065,Transway 1A,0, , ,0,Howard,Charles, , ,-83.01016795,42.28173303
74,1064,Transway 1A,0, , ,0,Howard,Grand Marais, , ,-83.0088026,42.27956001
75,1063,Transway 1A,0, , ,0,Howard,Roundhouse Centre, , ,-83.00540884,42.2741855
76,1062,Transway 1A,0, , ,0,Devonshire Mall,Moxies, , ,-82.99996187,42.27368311
77,1061,Transway 1A,0, , ,0,Howard,Devonshire Mall, , ,-83.0048136,42.2739089
78,1060,Transway 1A,0, , ,0,Howard,Grand Marais, , ,-83.00845921,42.27956358
79,1059,Transway 1A,0, , ,0,Howard,Charles, , ,-83.00969613,42.28145765
80,1058,Transway 1A,0, , ,0,Howard,Edinborough, , ,-83.01079637,42.28323161
81,1057,Transway 1A,0, , ,0,Howard,McDougall, , ,-83.01209109,42.28524977
82,1056,Transway 1A,0, , ,0,Howard,Hildegarde, , ,-83.01263305,42.2867092
83,1055,Transway 1A,0, , ,0,Howard,Eugenie, , ,-83.0124804,42.28876917
84,1054,Transway 1A,0, , ,0,Howard,Lens, , ,-83.01376322,42.29242478
85,1053,Transway 1A,0, , ,0,Howard,Foch, , ,-83.01466997,42.29383413
86,1052,Transway 1A,0, , ,0,Howard,Logan, , ,-83.01579264,42.29562584
87,1051,Transway 1A,0, , ,0,Tecumseh,Howard, , ,-83.01780282,42.29797623
88,1050,Transway 1A,0, , ,0,Tecumseh,McDougall, , ,-83.02055287,42.29744986
89,1049,Transway 1A,0, , ,0,Tecumseh,Goyeau, , ,-83.02377069,42.296828
90,1048,Transway 1A,0, , ,0,Ouellette,Tecumseh, , ,-83.02559176,42.29694077
91,1047,Transway 1A,0, , ,0,Ouellette,Hanna, , ,-83.02651231,42.29825554
92,1046,Transway 1A,0, , ,0,Ouellette,Shepherd, , ,-83.02812545,42.30081596
93,1045,Transway 1A,0, , ,0,Ouellette,Ellis, , ,-83.02921382,42.30251634
94,1044,Transway 1A,0, , ,0,Ouellette,Montrose, , ,-83.03036329,42.30423523
95,1043,Transway 1A,0, , ,0,Ouellette,Giles, , ,-83.03133957,42.30575091
96,1042,Transway 1A,0, , ,0,Ouellette,Pine, , ,-83.03231029,42.3073124
97,1041,Transway 1A,0, , ,0,Ouellette,Erie, , ,-83.03368326,42.30940244
98,1040,Transway 1A,0, , ,0,Ouellette,Ouellette Manor, , ,-83.03431643,42.31039386
99,1039,Transway 1A,0, , ,0,Ouellette,Elliott, , ,-83.03544072,42.31213527
100,1038,Transway 1A,0, , ,0,Ouellette,Wyandotte, , ,-83.03689292,42.3144248
101,1037,Transway 1A,0, , ,0,Ouellette,Park, , ,-83.03834548,42.31662817
102,1036,Transway 1A,0, , ,0,Chatham,Ouellette, , ,-83.03996678,42.31821719
103,1035,Transway 1C,0, , ,0,College Ave,Community Centre, , ,-83.07090131,42.29613592
104,1034,Transway 1C,0, , ,0,College,South, , ,-83.07329751,42.29324552
105,1033,Transway 1C,0, , ,0,College,Prince, , ,-83.07530037,42.29004517
106,1032,Transway 1C,0, , ,0,Prince,Carmichael, , ,-83.07369347,42.28926649
107,1031,Transway 1C,0, , ,0,Prince,Barrymore, , ,-83.07191147,42.28881892
108,1030,Transway 1C,0, , ,0,Prince,Mulford, , ,-83.06971595,42.28827687
109,1029,Transway 1C,0, , ,0,Prince,Vaughan, , ,-83.06729481,42.28768197
110,1028,Transway 1C,0, , ,0,Prince,Glenfield, , ,-83.06355912,42.28675339
111,1027,Transway 1C,0, , ,0,Prince,Whitney, , ,-83.0609339,42.28610748
112,1026,Transway 1C,0, , ,0,Dorchester,Redwood, , ,-83.05954539,42.28663423
113,1025,Transway 1C,0, , ,0,Felix,Tecumseh, , ,-83.06199801,42.28886141
114,1024,Transway 1C,0, , ,0,Felix,Manchester, , ,-83.06418738,42.29072438
115,1023,Transway 1C,0, , ,0,Felix,Girardot, , ,-83.06644932,42.29405962
116,1022,Transway 1C,0, , ,0,Felix,Millen, , ,-83.06764094,42.29593339
117,1021,Transway 1C,0, , ,0,Felix,College, , ,-83.06861545,42.29749733
118,1020,Transway 1C,0, , ,0,Felix,Linwood, , ,-83.06999915,42.29960483
119,1019,Transway 1C,0, , ,0,Mill,Donnelly, , ,-83.07184467,42.30081255
120,1018,Transway 1C,0, , ,0,Mill,Sandwich, , ,-83.07538579,42.30201691
121,1017,Transway 1C,0, , ,0,Sandwich,Detroit, , ,-83.07423234,42.30483092
122,1016,Transway 1C,0, , ,0,University,Huron Church, , ,-83.0705684,42.30789153
123,1015,Transway 1C,0, , ,0,University,Patricia, , ,-83.06863181,42.30856691
124,1014,Transway 1C,0, , ,0,University,California, , ,-83.06605891,42.30938809
125,1013,Transway 1C,0, , ,0,University,Randolph, , ,-83.0635312,42.31019444
126,1012,Transway 1C,0, , ,0,University,Partington, , ,-83.06161251,42.31077698
127,1011,Transway 1C,0, , ,0,University,Campbell, , ,-83.05857025,42.31173942
128,1010,Transway 1C,0, , ,0,University,Cameron, , ,-83.05417923,42.31314412
129,1009,Transway 1C,0, , ,0,University,Wellington, , ,-83.05219707,42.3137555
130,1008,Transway 1C,0, , ,0,University,Crawford, , ,-83.04975061,42.31453228
131,1007,Transway 1C,0, , ,0,University,Caron, , ,-83.046878,42.31545749
132,1006,Transway 1C,0, , ,0,University,Bruce, , ,-83.04512604,42.31600138
133,1005,Transway 1C,0, , ,0,Transit Terminal,Chatham, , ,-83.04352127,42.31784324
134,1004,Transway 1C,0, , ,0,Tecumseh,Marentette, , ,-83.01307946,42.29868752
135,1003,Transway 1C,0, , ,0,Tecumseh,Parent, , ,-83.01077213,42.2990891
136,1002,Transway 1C,0, , ,0,Tecumseh,Parkwood, , ,-83.00659975,42.29989755
137,1001,Transway 1C,0, , ,0,Tecumseh,Moy, , ,-83.00438055,42.30034069
138,1000,Transway 1C,0, , ,0,Tecumseh,Lincoln, , ,-83.00207017,42.30077394
139,999,Transway 1C,0, , ,0,Tecumseh,Kildare, , ,-82.9988901,42.30139391
140,998,Transway 1C,0, , ,0,Tecumseh,Byng, , ,-82.99604949,42.30192467
141,997,Transway 1C,0, , ,0,Tecumseh,Walker, , ,-82.99297184,42.30250206
142,996,Transway 1C,0, , ,0,Tecumseh,Cadillac, , ,-82.98765958,42.30355106
143,995,Transway 1C,0, , ,0,Tecumseh,Chandler, , ,-82.98565966,42.30392532
144,994,Transway 1C,0, , ,0,Tecumseh,Meldrum, , ,-82.98313956,42.3044128
145,993,Transway 1C,0, , ,0,Tecumseh,Central, , ,-82.97960166,42.30508407
146,992,Transway 1C,0, , ,0,Tecumseh,Aubin, , ,-82.97705138,42.30556771
147,991,Transway 1C,0, , ,0,Tecumseh,George, , ,-82.97487733,42.30598771
148,990,Transway 1C,0, , ,0,Tecumseh,Rossini, , ,-82.97269872,42.30640059
149,989,Transway 1C,0, , ,0,Tecumseh,Francois, , ,-82.97077814,42.30676847
150,988,Transway 1C,0, , ,0,Tecumseh,Pillette, , ,-82.96745579,42.30740148
151,987,Transway 1C,0, , ,0,Tecumseh,Norman, , ,-82.96544884,42.307769
152,986,Transway 1C,0, , ,0,Tecumseh,Westminster, , ,-82.96341855,42.30812276
153,985,Transway 1C,0, , ,0,Tecumseh,Ford, , ,-82.96024252,42.30872306
154,984,Transway 1C,0, , ,0,Rivard,Tecumseh, , ,-82.95795973,42.30867934
155,983,Transway 1C,0, , ,0,Rivard,Adstoll, , ,-82.95715201,42.30764056
156,982,Transway 1C,0, , ,0,Rivard,Adstoll, , ,-82.95681176,42.30645702
157,981,Transway 1C,0, , ,0,Rivard,Rose, , ,-82.9556883,42.30467366
158,980,Transway 1C,0, , ,0,Rose,Jos St Louis, , ,-82.95383232,42.30509927
159,979,Transway 1C,0, , ,0,Rose,Clemenceau, , ,-82.95152761,42.30589812
160,978,Transway 1C,0, , ,0,Rose,Lloyd George, , ,-82.95010374,42.30637339
161,977,Transway 1C,0, , ,0,Roseville Garden,Thornberry, , ,-82.94730672,42.3072213
162,976,Transway 1C,0, , ,0,Roseville Garden,Thornberry, , ,-82.94481937,42.30797518
163,975,Transway 1C,0, , ,0,Roseville Garden,Charlie Brook, , ,-82.94288562,42.3092494
164,974,Transway 1C,0, , ,0,Roseville Garden,Tecumseh, , ,-82.94432338,42.31157845
165,973,Transway 1C,0, , ,0,Tecumseh,Eastpark Plaza, , ,-82.94273414,42.31201792
166,972,Transway 1C,0, , ,0,Tecumseh Mall,Rear Entrance, , ,-82.93634298,42.31596886
167,971,Transway 1C,0, , ,0,Tecumseh,Lauzon Pkwy, , ,-82.93692011,42.31311735
168,970,Transway 1C,0, , ,0,Tecumseh,Annie, , ,-82.93406751,42.31366595
169,969,Transway 1C,0, , ,0,Tecumseh,Lauzon, , ,-82.93085407,42.31408661
170,968,Transway 1C,0, , ,0,Tecumseh,Canadian Tire, , ,-82.92838893,42.31416239
171,967,Transway 1C,0, , ,0,Tecumseh,Rafih Auto Mall, , ,-82.9243419,42.31424133
172,966,Transway 1C,0, , ,0,Tecumseh,Penang, , ,-82.92219297,42.31418374
173,965,Transway 1C,0, , ,0,Tecumseh,Forest Glade, , ,-82.91979159,42.31407382
174,964,Transway 1C,0, , ,0,Forest Glade,Tecumseh, , ,-82.91695128,42.31377667
175,963,Transway 1C,0, , ,0,Forest Glade,Eastcourt, , ,-82.91624302,42.31083338
176,962,Transway 1C,0, , ,0,Forest Glade,Ridge, , ,-82.91581532,42.3090822
177,961,Transway 1C,0, , ,0,Forest Glade,Wildwood, , ,-82.91405324,42.30689491
178,960,Transway 1C,0, , ,0,Forest Glade,Mulberry, , ,-82.9129181,42.30476737
179,959,Transway 1C,0, , ,0,Forest Glade,Elmwood, , ,-82.91302328,42.30351211
180,958,Transway 1C,0, , ,0,Rosebriar,Wildwood, , ,-82.91202062,42.30072446
181,957,Transway 1C,0, , ,0,Wildwood,Holly, , ,-82.91318275,42.30004031
182,956,Transway 1C,0, , ,0,Wildwood,Hemlock, , ,-82.91586769,42.29923952
183,955,Transway 1C,0, , ,0,Wildwood,Midfield, , ,-82.91831542,42.29970412
184,954,Transway 1C,0, , ,0,Wildwood,Forest Glade, , ,-82.91913666,42.3016117
185,953,Transway 1C,0, , ,0,Wildwood,Beachdale, , ,-82.91859053,42.30415884
186,952,Transway 1C,0, , ,0,Wildwood,Apple, , ,-82.91590781,42.30605887
187,951,Transway 1C,0, , ,0,Wildwood,Forest Glade, , ,-82.9143182,42.30701212
188,950,Transway 1C,0, , ,0,Forest Glade,Ridge, , ,-82.91565474,42.30934734
189,949,Transway 1C,0, , ,0,Forest Glade,Eastcourt, , ,-82.91592,42.31041746
190,948,Transway 1C,0, , ,0,Forest Glade,Tecumseh, , ,-82.91666138,42.31345268
191,947,Transway 1C,0, , ,0,Tecumseh,Forest Glade, , ,-82.91817379,42.31421767
192,946,Transway 1C,0, , ,0,Tecumseh,Penang, , ,-82.92082781,42.31432834
193,945,Transway 1C,0, , ,0,Tecumseh,Rafih Auto Mall, , ,-82.92476019,42.31443833
194,944,Transway 1C,0, , ,0,Tecumseh,Canadian Tire, , ,-82.92867511,42.31436703
195,943,Transway 1C,0, , ,0,Tecumseh,Lauzon, , ,-82.93136673,42.31437503
196,942,Transway 1C,0, , ,0,Tecumseh,Annie, , ,-82.93499511,42.31380197
197,941,Transway 1C,0, , ,0,Tecumseh,Lauzon Pkwy, , ,-82.93788079,42.31323876
198,940,Transway 1C,0, , ,0,Tecumseh Mall,Rear Entrance, , ,-82.93654734,42.31610573
199,939,Transway 1C,0, , ,0,Tecumseh,Walmart, , ,-82.94192743,42.31245197
200,938,Transway 1C,0, , ,0,Roseville Garden,Tecumseh, , ,-82.94440028,42.31136562
201,937,Transway 1C,0, , ,0,Roseville Garden,Charlie Brook, , ,-82.94304043,42.3092773
202,936,Transway 1C,0, , ,0,Roseville Garden,Thornberry, , ,-82.94512672,42.30797267
203,935,Transway 1C,0, , ,0,Roseville Garden,Thornberry, , ,-82.94741391,42.30728734
204,934,Transway 1C,0, , ,0,Rose,Jefferson, , ,-82.94993249,42.30654962
205,933,Transway 1C,0, , ,0,Rose,Jos St Louis, , ,-82.95362394,42.30529721
206,932,Transway 1C,0, , ,0,Rose,Rivard, , ,-82.95518838,42.3047486
207,931,Transway 1C,0, , ,0,Rivard,Adstoll, , ,-82.95676593,42.30696162
208,930,Transway 1C,0, , ,0,Tecumseh,Ford, , ,-82.95976096,42.30901956
209,929,Transway 1C,0, , ,0,Tecumseh,Buckingham, , ,-82.96175428,42.3086447
210,928,Transway 1C,0, , ,0,Tecumseh,Westminster, , ,-82.96413403,42.3082038
211,927,Transway 1C,0, , ,0,Tecumseh,Norman, , ,-82.96619402,42.30783058
212,926,Transway 1C,0, , ,0,Tecumseh,Pillette, , ,-82.96788995,42.30751752
213,925,Transway 1C,0, , ,0,Tecumseh,Ellrose, , ,-82.96977567,42.30715557
214,924,Transway 1C,0, , ,0,Tecumseh,George, , ,-82.9763785,42.30588237
215,923,Transway 1C,0, , ,0,Tecumseh,Westcott, , ,-82.97875782,42.30543791
216,922,Transway 1C,0, , ,0,Tecumseh,Central, , ,-82.9808515,42.30504613
217,921,Transway 1C,0, , ,0,Tecumseh,Meldrum, , ,-82.98403227,42.30443813
218,920,Transway 1C,0, , ,0,Tecumseh,Chandler, , ,-82.98611809,42.30403513
219,919,Transway 1C,0, , ,0,Tecumseh,Hickory, , ,-82.98932263,42.3034631
220,918,Transway 1C,0, , ,0,Tecumseh,Factoria, , ,-82.99281551,42.30275356
221,917,Transway 1C,0, , ,0,Tecumseh,Turner, , ,-82.99540841,42.30226515
222,916,Transway 1C,0, , ,0,Tecumseh,Durham, , ,-82.99713401,42.30192761
223,915,Transway 1C,0, , ,0,Tecumseh,Kildare, , ,-82.999947,42.30138351
224,914,Transway 1C,0, , ,0,Tecumseh,Lincoln, , ,-83.00279978,42.30083376
225,913,Transway 1C,0, , ,0,Tecumseh,Gladstone, , ,-83.00390912,42.30062125
226,912,Transway 1C,0, , ,0,Tecumseh,Hall, , ,-83.00636416,42.30014662
227,911,Transway 1C,0, , ,0,Tecumseh,Benjamin, , ,-83.00901373,42.29964266
228,910,Transway 1C,0, , ,0,Tecumseh,Parent, , ,-83.01100935,42.29925835
229,909,Transway 1C,0, , ,0,Tecumseh,Marentette, , ,-83.01398108,42.29869537
230,908,Transway 1C,0, , ,0,Tecumseh,Windsor Health Centre, , ,-83.01535964,42.29844752
231,907,Transway 1C,0, , ,0,Tecumseh,Howard, , ,-83.01682179,42.29819779
232,906,Transway 1C,0, , ,0,University,Ouellette, , ,-83.03955769,42.31754313
233,905,Transway 1C,0, , ,0,Transit Terminal,Chatham, , ,-83.04332091,42.31744764
234,904,Transway 1C,0, , ,0,University,Bruce, , ,-83.04561498,42.31605576
235,903,Transway 1C,0, , ,0,University,Caron, , ,-83.04752471,42.3154968
236,902,Transway 1C,0, , ,0,University,Crawford, , ,-83.05015118,42.31466297
237,901,Transway 1C,0, , ,0,University,Elm, , ,-83.05239038,42.31393525
238,900,Transway 1C,0, , ,0,University,Cameron, , ,-83.05439655,42.31330884
239,899,Transway 1C,0, , ,0,University,Curry, , ,-83.05697332,42.31249955
240,898,Transway 1C,0, , ,0,University,Campbell, , ,-83.05928752,42.31176147
241,897,Transway 1C,0, , ,0,University,Bridge, , ,-83.06144335,42.31106017
242,896,Transway 1C,0, , ,0,University,Randolph, , ,-83.06384865,42.31027227
243,895,Transway 1C,0, , ,0,University,Askin, , ,-83.06553205,42.30973182
244,894,Transway 1C,0, , ,0,University,Patricia, , ,-83.06893293,42.30865603
245,893,Transway 1C,0, , ,0,University,Huron Church, , ,-83.07076172,42.30803734
246,892,Transway 1C,0, , ,0,Riverside,Rosedale, , ,-83.07266939,42.3076097
247,891,Transway 1C,0, , ,0,Sandwich,Chewett, , ,-83.0739908,42.30590656
248,890,Transway 1C,0, , ,0,Sandwich,Detroit, , ,-83.07448606,42.30450808
249,889,Transway 1C,0, , ,0,Mill,Sandwich, , ,-83.07499023,42.30174315
250,888,Transway 1C,0, , ,0,Mill,Wyandotte, , ,-83.07157833,42.3005833
251,887,Transway 1C,0, , ,0,Felix,Linwood, , ,-83.07008512,42.29947976
252,886,Transway 1C,0, , ,0,Felix,College, , ,-83.06849307,42.29702163
253,885,Crosstown 2,0, , ,0,College Ave,Community Centre, , ,-83.0709633,42.29615665
254,884,Crosstown 2,0, , ,0,Prince,Peter, , ,-83.0801957,42.29109026
255,883,Crosstown 2,0, , ,0,Sandwich,Watkins, , ,-83.08093234,42.29325288
256,882,Crosstown 2,0, , ,0,Sandwich,South, , ,-83.07953205,42.29551052
257,881,Crosstown 2,0, , ,0,Sandwich,Chippawa, , ,-83.0781901,42.29772337
258,880,Crosstown 2,0, , ,0,Sandwich,Brock, , ,-83.07674479,42.30004234
259,879,Crosstown 2,0, , ,0,Wyandotte,Mill, , ,-83.07098291,42.30079819
260,878,Crosstown 2,0, , ,0,Wyandotte,Rosedale, , ,-83.07022534,42.30209303
261,877,Crosstown 2,0, , ,0,Wyandotte,Huron Church, , ,-83.06751052,42.30360004
262,876,Crosstown 2,0, , ,0,Wyandotte,Sunset, , ,-83.064229,42.3046319
263,875,Crosstown 2,0, , ,0,Wyandotte,Randolph, , ,-83.0607243,42.30572913
264,874,Crosstown 2,0, , ,0,Wyandotte,Bridge, , ,-83.05775056,42.30664915
265,873,Crosstown 2,0, , ,0,Wyandotte,Campbell, , ,-83.05560333,42.30733319
266,872,Crosstown 2,0, , ,0,Wyandotte,McKay, , ,-83.05293593,42.30829399
267,871,Crosstown 2,0, , ,0,Wyandotte,Wellington, , ,-83.0494511,42.30952722
268,870,Crosstown 2,0, , ,0,Wyandotte,Crawford, , ,-83.04741705,42.31023622
269,869,Crosstown 2,0, , ,0,Wyandotte,Janette, , ,-83.04385211,42.31153069
270,868,Crosstown 2,0, , ,0,Wyandotte,Bruce, , ,-83.04189614,42.31221425
271,867,Crosstown 2,0, , ,0,Wyandotte,Victoria, , ,-83.03887525,42.31329752
272,866,Crosstown 2,0, , ,0,Wyandotte,Ouellette, , ,-83.03724882,42.31386881
273,865,Crosstown 2,0, , ,0,Wyandotte,Ouellette, , ,-83.0360185,42.31431111
274,864,Crosstown 2,0, , ,0,Wyandotte,Goyeau, , ,-83.03451049,42.31484237
275,863,Crosstown 2,0, , ,0,Wyandotte,McDougall, , ,-83.03220138,42.31566388
276,862,Crosstown 2,0, , ,0,Wyandotte,Glengarry, , ,-83.02957752,42.31660871
277,861,Crosstown 2,0, , ,0,Wyandotte,Aylmer, , ,-83.02819293,42.31708985
278,860,Crosstown 2,0, , ,0,Wyandotte,Marentette, , ,-83.02507953,42.31821035
279,859,Crosstown 2,0, , ,0,Wyandotte,Parent, , ,-83.0236938,42.31871232
280,858,Crosstown 2,0, , ,0,Wyandotte,Marion, , ,-83.02099033,42.31966641
281,857,Crosstown 2,0, , ,0,Wyandotte,Hall, , ,-83.01877738,42.32047705
282,856,Crosstown 2,0, , ,0,Wyandotte,Gladstone, , ,-83.01702179,42.32116898
283,855,Crosstown 2,0, , ,0,Wyandotte,Lincoln, , ,-83.01560716,42.32169082
284,854,Crosstown 2,0, , ,0,Wyandotte,Devonshire, , ,-83.01216287,42.32297702
285,853,Crosstown 2,0, , ,0,Wyandotte,Monmouth, , ,-83.0101031,42.32370489
286,852,Crosstown 2,0, , ,0,Wyandotte,Walker, , ,-83.00730773,42.32330922
287,851,Crosstown 2,0, , ,0,Wyandotte,Albert, , ,-83.00392115,42.32358514
288,850,Crosstown 2,0, , ,0,Wyandotte,Drouillard, , ,-83.00156222,42.32441437
289,849,Crosstown 2,0, , ,0,Wyandotte,Belleview, , ,-82.99757497,42.32437478
290,848,Crosstown 2,0, , ,0,Wyandotte,Strabane, , ,-82.99421129,42.32446809
291,847,Crosstown 2,0, , ,0,Wyandotte,Sterling, , ,-82.99103831,42.32456594
292,846,Crosstown 2,0, , ,0,Wyandotte,George, , ,-82.98735979,42.32485932
293,845,Crosstown 2,0, , ,0,Wyandotte,Rossini, , ,-82.98549897,42.32522196
294,844,Crosstown 2,0, , ,0,Wyandotte,Jos Janisse, , ,-82.98360955,42.3255962
295,843,Crosstown 2,0, , ,0,Wyandotte,Pillette, , ,-82.97992436,42.32630662
296,842,Crosstown 2,0, , ,0,Wyandotte,Dawson, , ,-82.97814712,42.3266436
297,841,Crosstown 2,0, , ,0,Wyandotte,Westminster, , ,-82.97502441,42.32724525
298,840,Crosstown 2,0, , ,0,Wyandotte,Ford, , ,-82.97202374,42.3278221
299,839,Crosstown 2,0, , ,0,Wyandotte,Prado, , ,-82.96984818,42.32824419
300,838,Crosstown 2,0, , ,0,Wyandotte,St Louis, , ,-82.968105,42.32859235
301,837,Crosstown 2,0, , ,0,Wyandotte,Jefferson, , ,-82.96410892,42.32935467
302,836,Crosstown 2,0, , ,0,Wyandotte,Victor, , ,-82.96150699,42.32985792
303,835,Crosstown 2,0, , ,0,Wyandotte,Homedale, , ,-82.95944329,42.33024854
304,834,Crosstown 2,0, , ,0,Wyandotte,St Marys, , ,-82.95810836,42.33050483
305,833,Crosstown 2,0, , ,0,Wyandotte,St Rose, , ,-82.95491862,42.33112213
306,832,Crosstown 2,0, , ,0,Wyandotte,Isabelle, , ,-82.95138489,42.3320516
307,831,Crosstown 2,0, , ,0,Wyandotte,Fairview, , ,-82.94907652,42.33244549
308,830,Crosstown 2,0, , ,0,Wyandotte,Eastlawn, , ,-82.94718951,42.3327719
309,829,Crosstown 2,0, , ,0,Lauzon,Wyandotte, , ,-82.94394319,42.33372475
310,828,Crosstown 2,0, , ,0,Lauzon,Cedarview, , ,-82.94541497,42.33608137
311,827,Crosstown 2,0, , ,0,Lauzon,Clairview, , ,-82.94668851,42.3381079
312,826,Crosstown 2,0, , ,0,Lauzon,Riverside, , ,-82.94799028,42.34017979
313,825,Crosstown 2,0, , ,0,Riverside,Watson, , ,-82.94640473,42.34140809
314,824,Crosstown 2,0, , ,0,Riverside,Watson, , ,-82.94350638,42.3413959
315,823,Crosstown 2,0, , ,0,Riverside,Dieppe, , ,-82.9422931,42.34139287
316,822,Crosstown 2,0, , ,0,Riverside,Bayview Towers, , ,-82.9390967,42.34239842
317,821,Crosstown 2,0, , ,0,Riverside,St Clair Towers, , ,-82.93744224,42.34223286
318,820,Crosstown 2,0, , ,0,Riverside,Island View Towers, , ,-82.93565105,42.34134851
319,819,Crosstown 2,0, , ,0,Riverside,Marina, , ,-82.93314881,42.33994083
320,818,Crosstown 2,0, , ,0,Riverdale,Cedarview, , ,-82.93129167,42.33814384
321,817,Crosstown 2,0, , ,0,Riverdale,Menard, , ,-82.93069627,42.33568737
322,816,Crosstown 2,0, , ,0,Riverdale,Wyandotte, , ,-82.93024776,42.33378187
323,815,Crosstown 2,0, , ,0,Riverdale,Jerome, , ,-82.92964529,42.33127273
324,814,Crosstown 2,0, , ,0,Riverdale,St Rose, , ,-82.92912701,42.32912102
325,813,Crosstown 2,0, , ,0,Little RiverAcres,Abbey, , ,-82.92871259,42.32657479
326,812,Crosstown 2,0, , ,0,Little River Acres,Aire, , ,-82.92868585,42.32528231
327,811,Crosstown 2,0, , ,0,Little River Acres,Copperfield, , ,-82.93061554,42.32416907
328,810,Crosstown 2,0, , ,0,Little River Acres,Foxhill, , ,-82.93394528,42.32545954
329,809,Crosstown 2,0, , ,0,Little River Acres,Little River, , ,-82.93457048,42.32690559
330,808,Crosstown 2,0, , ,0,Little River,Laporte, , ,-82.93814842,42.32729905
331,807,Crosstown 2,0, , ,0,Lauzon,Edgar, , ,-82.93977794,42.3265603
332,806,Crosstown 2,0, , ,0,Lauzon,ABC Day Nursery, , ,-82.93883219,42.32506465
333,805,Crosstown 2,0, , ,0,Lauzon,Tranby, , ,-82.93820238,42.32407717
334,804,Crosstown 2,0, , ,0,Lauzon Pkwy,Lauzon Line, , ,-82.93811238,42.32184118
335,803,Crosstown 2,0, , ,0,Lauzon Pkwy,VIA Rail Tracks, , ,-82.9390739,42.31799257
336,802,Crosstown 2,0, , ,0,Tecumseh Mall,Rear Entrance, , ,-82.93682225,42.31606577
337,801,Crosstown 2,0, , ,0,Lauzon Pkwy,Lauzon Line, , ,-82.93820764,42.32017969
338,800,Crosstown 2,0, , ,0,Lauzon,Tranby, , ,-82.93813747,42.32448485
339,799,Crosstown 2,0, , ,0,Lauzon,Trinity Towers, , ,-82.9387784,42.3254862
340,798,Crosstown 2,0, , ,0,Little River,Frank, , ,-82.93891778,42.32717026
341,797,Crosstown 2,0, , ,0,Little River Acres,Gateside, , ,-82.93475383,42.32646913
342,796,Crosstown 2,0, , ,0,Little River Acres,Foxhill, , ,-82.93396889,42.32517023
343,795,Crosstown 2,0, , ,0,Little River Acres,Cottage, , ,-82.93129579,42.32401905
344,794,Crosstown 2,0, , ,0,Little RiverAcres,Bayswater, , ,-82.92925203,42.32412455
345,793,Crosstown 2,0, , ,0,Little RiverAcres,Aire, , ,-82.92849825,42.32569429
346,792,Crosstown 2,0, , ,0,Little RiverAcres,Little River, , ,-82.92852703,42.32703204
347,791,Crosstown 2,0, , ,0,Riverdale,St Rose, , ,-82.9290845,42.32951642
348,790,Crosstown 2,0, , ,0,Riverdale,Jerome, , ,-82.9295779,42.33156201
349,789,Crosstown 2,0, , ,0,Riverdale,Wyandotte, , ,-82.92999111,42.33331648
350,788,Crosstown 2,0, , ,0,Riverdale,Menard, , ,-82.93062936,42.335948
351,787,Crosstown 2,0, , ,0,Riverdale,Riverside, , ,-82.93130135,42.3387996
352,786,Crosstown 2,0, , ,0,Riverside,Marina, , ,-82.93324277,42.3401407
353,785,Crosstown 2,0, , ,0,Riverside,Solidarity Tower, , ,-82.93556905,42.34145931
354,784,Crosstown 2,0, , ,0,Riverside,Riverside Tower, , ,-82.93803669,42.34244172
355,783,Crosstown 2,0, , ,0,Riverside,Shoreline Towers, , ,-82.93976204,42.34237108
356,782,Crosstown 2,0, , ,0,Riverside,Dieppe, , ,-82.9432098,42.34149326
357,781,Crosstown 2,0, , ,0,Riverside,Frank, , ,-82.94708994,42.34117589
358,780,Crosstown 2,0, , ,0,Lauzon,Riverside, , ,-82.9477681,42.33957255
359,779,Crosstown 2,0, , ,0,Lauzon,Clairview, , ,-82.94692065,42.33819076
360,778,Crosstown 2,0, , ,0,Lauzon,Cedarview, , ,-82.94523951,42.33547361
361,777,Crosstown 2,0, , ,0,Wyandotte,Lauzon, , ,-82.94425255,42.33347503
362,776,Crosstown 2,0, , ,0,Wyandotte,Matthew Brady, , ,-82.94667877,42.33305757
363,775,Crosstown 2,0, , ,0,Wyandotte,Fairview, , ,-82.94954845,42.33257128
364,774,Crosstown 2,0, , ,0,Wyandotte,Vernon, , ,-82.95246089,42.33208063
365,773,Crosstown 2,0, , ,0,Wyandotte,St Rose, , ,-82.95480581,42.33135525
366,772,Crosstown 2,0, , ,0,Wyandotte,Metro, , ,-82.9562083,42.33106288
367,771,Crosstown 2,0, , ,0,Wyandotte,Janisse, , ,-82.95766993,42.3307922
368,770,Crosstown 2,0, , ,0,Wyandotte,Homedale, , ,-82.96014155,42.33030594
369,769,Crosstown 2,0, , ,0,Wyandotte,Jefferson, , ,-82.96426628,42.32951868
370,768,Crosstown 2,0, , ,0,Wyandotte,Esdras, , ,-82.96628765,42.32912274
371,767,Crosstown 2,0, , ,0,Wyandotte,Reedmere, , ,-82.96763439,42.32885406
372,766,Crosstown 2,0, , ,0,Wyandotte,Villaire, , ,-82.96976125,42.32845539
373,765,Crosstown 2,0, , ,0,Wyandotte,Thompson, , ,-82.97170361,42.32808508
374,764,Crosstown 2,0, , ,0,Wyandotte,Ford, , ,-82.9732894,42.32777299
375,763,Crosstown 2,0, , ,0,Wyandotte,Westminster, , ,-82.97537847,42.32736757
376,762,Crosstown 2,0, , ,0,Wyandotte,Dawson, , ,-82.97796635,42.32687828
377,761,Crosstown 2,0, , ,0,Wyandotte,Pillette, , ,-82.98059896,42.32636713
378,760,Crosstown 2,0, , ,0,Wyandotte,Jos Janisse, , ,-82.98423969,42.32566188
379,759,Crosstown 2,0, , ,0,Wyandotte,Rossini, , ,-82.98629606,42.32526488
380,758,Crosstown 2,0, , ,0,Wyandotte,George, , ,-82.98850721,42.32484923
381,757,Crosstown 2,0, , ,0,Wyandotte,Sterling, , ,-82.99049712,42.32478742
382,756,Crosstown 2,0, , ,0,Wyandotte,Strabane, , ,-82.99497871,42.3246398
383,755,Crosstown 2,0, , ,0,Wyandotte,Belleview, , ,-82.99724876,42.32455302
384,754,Crosstown 2,0, , ,0,Wyandotte,Drouillard, , ,-83.00174844,42.32453951
385,753,Crosstown 2,0, , ,0,Wyandotte,St Luke, , ,-83.00433835,42.32362595
386,752,Crosstown 2,0, , ,0,Wyandotte,Monmouth, , ,-83.00930069,42.3239608
387,751,Crosstown 2,0, , ,0,Wyandotte,Devonshire, , ,-83.01170906,42.32330495
388,750,Crosstown 2,0, , ,0,Wyandotte,Chilver, , ,-83.01403997,42.32245754
389,749,Crosstown 2,0, , ,0,Wyandotte,Gladstone, , ,-83.01729743,42.32120471
390,748,Crosstown 2,0, , ,0,Wyandotte,Hall, , ,-83.0193369,42.32044512
391,747,Crosstown 2,0, , ,0,Wyandotte,Langlois, , ,-83.02290544,42.31915371
392,746,Crosstown 2,0, , ,0,Wyandotte,Parent, , ,-83.02417394,42.31868926
393,745,Crosstown 2,0, , ,0,Wyandotte,Marentette, , ,-83.0257366,42.31813017
394,744,Crosstown 2,0, , ,0,Wyandotte,Louis, , ,-83.02742962,42.31752284
395,743,Crosstown 2,0, , ,0,Wyandotte,Glengarry, , ,-83.03022851,42.31653208
396,742,Crosstown 2,0, , ,0,Wyandotte,McDougall, , ,-83.03293253,42.3155897
397,741,Crosstown 2,0, , ,0,Wyandotte,Goyeau, , ,-83.0357373,42.31459864
398,740,Crosstown 2,0, , ,0,Wyandotte,Ouellette, , ,-83.03737338,42.31400135
399,739,Crosstown 2,0, , ,0,Wyandotte,Victoria, , ,-83.03927045,42.3133265
400,738,Crosstown 2,0, , ,0,Wyandotte,Church, , ,-83.04105824,42.31268809
401,737,Crosstown 2,0, , ,0,Wyandotte,Bruce, , ,-83.04258593,42.31214663
402,736,Crosstown 2,0, , ,0,Wyandotte,Janette, , ,-83.04394575,42.31165232
403,735,Crosstown 2,0, , ,0,Wyandotte,Crawford, , ,-83.04720275,42.31049605
404,734,Crosstown 2,0, , ,0,Wyandotte,Wellington, , ,-83.0502638,42.30941664
405,733,Crosstown 2,0, , ,0,Wyandotte,Cameron, , ,-83.05202825,42.30877298
406,732,Crosstown 2,0, , ,0,Wyandotte,Campbell, , ,-83.05636851,42.30723409
407,731,Crosstown 2,0, , ,0,Wyandotte,Bridge, , ,-83.05830575,42.30663716
408,730,Crosstown 2,0, , ,0,Wyandotte,Randolph, , ,-83.06129245,42.30569875
409,729,Crosstown 2,0, , ,0,Wyandotte,California, , ,-83.06375201,42.30493767
410,728,Crosstown 2,0, , ,0,Wyandotte,Patricia, , ,-83.066407,42.30409585
411,727,Crosstown 2,0, , ,0,Wyandotte,Huron Church, , ,-83.06876169,42.30321226
412,726,Crosstown 2,0, , ,0,Wyandotte,Rosedale, , ,-83.07032893,42.30223572
413,725,Crosstown 2,0, , ,0,Wyandotte,Mill, , ,-83.07118984,42.3007625
414,724,Crosstown 2,0, , ,0,Mill,Peter, , ,-83.07428849,42.30164536
415,723,Crosstown 2,0, , ,0,Sandwich,Brock, , ,-83.07722312,42.29966843
416,722,Crosstown 2,0, , ,0,Sandwich,Chippawa, , ,-83.07856286,42.29741287
417,721,Crosstown 2,0, , ,0,Sandwich,South, , ,-83.0800574,42.29497524
418,720,Crosstown 2,0, , ,0,Sandwich,Watkins, , ,-83.08133278,42.29289561
419,719,Crosstown 2,0, , ,0,Prince,Peter, , ,-83.08066625,42.29109119
420,718,Crosstown 2,0, , ,0,Prince,King, , ,-83.07790761,42.2903397
421,717,Crosstown 2,0, , ,0,College,Prince, , ,-83.0751413,42.28997798
422,716,Crosstown 2,0, , ,0,College,South, , ,-83.07310328,42.29332323
423,715,Central 3,0, , ,0,College Ave,Community Centre, , ,-83.07122939,42.29593556
424,714,Central 3,0, , ,0,South,College, , ,-83.0729772,42.29295529
425,713,Central 3,0, , ,0,South,Barrymore, , ,-83.07027799,42.29204539
426,712,Central 3,0, , ,0,Girardot,South, , ,-83.06903478,42.29142022
427,711,Central 3,0, , ,0,Girardot,Strathmore, , ,-83.06990894,42.29003417
428,710,Central 3,0, , ,0,Girardot,Prince, , ,-83.0706236,42.28889094
429,709,Central 3,0, , ,0,Connaught,Prince, , ,-83.06228992,42.28615127
430,708,Central 3,0, , ,0,Connaught,Chappell, , ,-83.063662,42.28311223
431,707,Central 3,0, , ,0,Whitney,Chappell, , ,-83.0630036,42.28234365
432,706,Central 3,0, , ,0,Whitney,Sun Valley, , ,-83.06360474,42.28103
433,705,Central 3,0, , ,0,Sun Valley,Greenview, , ,-83.06276739,42.27916017
434,704,Central 3,0, , ,0,Sun Valley,Parkway, , ,-83.06126454,42.27878277
435,703,Central 3,0, , ,0,Sun Valley,Malden, , ,-83.05934952,42.27840558
436,702,Central 3,0, , ,0,Brunet,Industrial, , ,-83.05753384,42.27802826
437,701,Central 3,0, , ,0,Industrial,Windsor ABC, , ,-83.05658555,42.27543155
438,700,Central 3,0, , ,0,Ambassador,Industrial, , ,-83.05290623,42.27552356
439,699,Central 3,0, , ,0,Ambassador,Shoppers UrgentCare, , ,-83.05453334,42.27810091
440,698,Central 3,0, , ,0,Ambassador,Malden, , ,-83.05676232,42.28156468
441,697,Central 3,0, , ,0,Daytona,Malden, , ,-83.05445,42.28380304
442,696,Central 3,0, , ,0,Daytona,Totten, , ,-83.05576875,42.28586821
443,695,Central 3,0, , ,0,Northway,Algonquin, , ,-83.05671616,42.289175
444,694,Central 3,0, , ,0,Tecumseh,Northway, , ,-83.05720758,42.29084339
445,693,Central 3,0, , ,0,Tecumseh,California, , ,-83.0547491,42.29187939
446,692,Central 3,0, , ,0,Tecumseh,Rankin, , ,-83.05153072,42.29345643
447,691,Central 3,0, , ,0,Tecumseh,Bridge, , ,-83.04992362,42.29424666
448,690,Central 3,0, , ,0,Tecumseh,Campbell, , ,-83.04789739,42.29541231
449,689,Central 3,0, , ,0,Tecumseh,Curry, , ,-83.04459424,42.29684104
450,688,Central 3,0, , ,0,Crawford,Tecumseh, , ,-83.03991716,42.2993905
451,687,Central 3,0, , ,0,Crawford,Grove, , ,-83.04196465,42.3025038
452,686,Central 3,0, , ,0,Crawford,Erie, , ,-83.04384272,42.30551247
453,685,Central 3,0, , ,0,Crawford,College, , ,-83.04457932,42.30670099
454,684,Central 3,0, , ,0,Crawford,Elliott, , ,-83.04572407,42.30852433
455,683,Central 3,0, , ,0,Crawford,Wyandotte, , ,-83.04669994,42.31033272
456,682,Central 3,0, , ,0,Ouellette,Wyandotte, , ,-83.03651914,42.31336015
457,681,Central 3,0, , ,0,Erie,Ouellette, , ,-83.03315595,42.30911979
458,680,Central 3,0, , ,0,Erie,Goyeau, , ,-83.03145609,42.30970796
459,679,Central 3,0, , ,0,Erie,McDougall, , ,-83.0289431,42.31060746
460,678,Central 3,0, , ,0,Erie,Mercer, , ,-83.02762065,42.31107667
461,677,Central 3,0, , ,0,Erie,Howard, , ,-83.02535576,42.31187808
462,676,Central 3,0, , ,0,Erie,Louis, , ,-83.02337832,42.31255981
463,675,Central 3,0, , ,0,Erie,Elsmere, , ,-83.02138961,42.31326358
464,674,Central 3,0, , ,0,Erie,Marion, , ,-83.01826757,42.31436784
465,673,Central 3,0, , ,0,Erie,Hall, , ,-83.01546431,42.31535822
466,672,Central 3,0, , ,0,Richmond,Lincoln, , ,-83.01181417,42.31495409
467,671,Central 3,0, , ,0,Richmond,Chilver, , ,-83.00999305,42.31560327
468,670,Central 3,0, , ,0,Richmond,Monmouth, , ,-83.00609282,42.31699609
469,669,Central 3,0, , ,0,Richmond,Walker, , ,-83.00448644,42.31757004
470,668,Central 3,0, , ,0,Richmond,St Luke, , ,-83.00135922,42.31911613
471,667,Central 3,0, , ,0,Richmond,Drouillard, , ,-82.99925089,42.3198718
472,666,Central 3,0, , ,0,Drouillard,Ontario, , ,-82.99810437,42.31821679
473,665,Central 3,0, , ,0,Drouillard,Franklin, , ,-82.99682712,42.3162146
474,664,Central 3,0, , ,0,Drouillard,Seminole, , ,-82.9944281,42.31249479
475,663,Central 3,0, , ,0,Drouillard,Reginald, , ,-82.99270817,42.30980534
476,662,Central 3,0, , ,0,Drouillard,Alice, , ,-82.99136866,42.30772338
477,661,Central 3,0, , ,0,Drouillard,Milloy, , ,-82.98996352,42.30551941
478,660,Central 3,0, , ,0,Drouillard,Tecumseh, , ,-82.98899554,42.30398492
479,659,Central 3,0, , ,0,George,Tecumseh, , ,-82.97584229,42.3061242
480,658,Central 3,0, , ,0,George,Milloy, , ,-82.97836843,42.31005728
481,657,Central 3,0, , ,0,George,Alice, , ,-82.9798502,42.31237686
482,656,Central 3,0, , ,0,George,Reginald, , ,-82.98117628,42.31441537
483,655,Central 3,0, , ,0,George,Seminole, , ,-82.98211841,42.31587901
484,654,Central 3,0, , ,0,Seminole,Pillette, , ,-82.97565255,42.31839991
485,653,Central 3,0, , ,0,Pillette,Reginald, , ,-82.97393422,42.31643301
486,652,Central 3,0, , ,0,Pillette,Alice, , ,-82.97264386,42.31444483
487,651,Central 3,0, , ,0,Pillette,Milloy, , ,-82.97162983,42.31285095
488,650,Central 3,0, , ,0,Pillette,Guy, , ,-82.97010283,42.31044818
489,649,Central 3,0, , ,0,Pillette,Tecumseh, , ,-82.96792439,42.30706453
490,648,Central 3,0, , ,0,Pillette,Adstoll, , ,-82.96569375,42.30353874
491,647,Central 3,0, , ,0,Pillette,Grand Marais, , ,-82.96477165,42.30211565
492,646,Central 3,0, , ,0,Pillette,Cemetery, , ,-82.96321369,42.29962837
493,645,Central 3,0, , ,0,Pillette,Plymouth, , ,-82.9620003,42.29764076
494,644,Central 3,0, , ,0,Plymouth,Robert, , ,-82.9644494,42.29666812
495,643,Central 3,0, , ,0,Plymouth,Tourangeau, , ,-82.96799301,42.29544739
496,642,Central 3,0, , ,0,Plymouth,Grand Marais, , ,-82.9704866,42.29559277
497,641,Central 3,0, , ,0,Mannheim,Deziel, , ,-82.97009802,42.28086845
498,640,Central 3,0, , ,0,St Etienne,Kautex, , ,-82.97260925,42.27921609
499,639,Central 3,0, , ,0,Kautex,Deziel, , ,-82.97499711,42.28187879
500,638,Central 3,0, , ,0,Deziel,Mannheim, , ,-82.97249143,42.28234098
501,637,Central 3,0, , ,0,Deziel,Central, , ,-82.96883686,42.28219049
502,636,Central 3,0, , ,0,Rhodes,Research Centre, , ,-82.96299131,42.28384775
503,635,Central 3,0, , ,0,Rhodes,Jamieson, , ,-82.96080371,42.28425573
504,634,Central 3,0, , ,0,Rhodes,Enwin, , ,-82.95678703,42.28550439
505,633,Central 3,0, , ,0,Rhodes,Pillette, , ,-82.95542649,42.28647977
506,632,Central 3,0, , ,0,Rhodes,Fuller Construction, , ,-82.94664897,42.2885809
507,631,Central 3,0, , ,0,North Service,Jefferson, , ,-82.94182258,42.29328133
508,630,Central 3,0, , ,0,North Service,Clemenceau, , ,-82.94273757,42.29038542
509,629,Central 3,0, , ,0,North Service,Rail Tracks, , ,-82.94669935,42.2896729
510,628,Central 3,0, , ,0,North Service,Pillette, , ,-82.95460923,42.28819903
511,627,Central 3,0, , ,0,North Service,Transit Centre, , ,-82.96969449,42.28715659
512,626,Central 3,0, , ,0,Transit Centre,Front Entrance, , ,-82.96774614,42.28599904
513,625,Central 3,0, , ,0,North Service,Central, , ,-82.97159358,42.2876122
514,624,Central 3,0, , ,0,Grand Marais,Allyson, , ,-82.97083492,42.29676785
515,623,Central 3,0, , ,0,Grand Marais,Tourangeau, , ,-82.96908433,42.29894562
516,622,Central 3,0, , ,0,Grand Marais,Bernard, , ,-82.96792949,42.30035837
517,621,Central 3,0, , ,0,Grand Marais,Pillette, , ,-82.96548322,42.30236134
518,620,Central 3,0, , ,0,Pillette,Adstoll, , ,-82.96588936,42.30411779
519,619,Central 3,0, , ,0,Pillette,Tecumseh, , ,-82.96815047,42.30773306
520,618,Central 3,0, , ,0,Pillette,Guy, , ,-82.97019364,42.31091535
521,617,Central 3,0, , ,0,Pillette,Milloy, , ,-82.97153975,42.31298243
522,616,Central 3,0, , ,0,Pillette,Alice, , ,-82.97276234,42.31491563
523,615,Central 3,0, , ,0,Pillette,Reginald, , ,-82.97406633,42.31694324
524,614,Central 3,0, , ,0,George,Seminole, , ,-82.9822559,42.31588016
525,613,Central 3,0, , ,0,George,Reginald, , ,-82.9810093,42.31394994
526,612,Central 3,0, , ,0,George,Alice, , ,-82.97972905,42.31195138
527,611,Central 3,0, , ,0,George,Milloy, , ,-82.97872389,42.31040047
528,610,Central 3,0, , ,0,George,Tecumseh, , ,-82.97599385,42.30614545
529,609,Central 3,0, , ,0,Hickory,Tecumseh, , ,-82.98981812,42.30392989
530,608,Central 3,0, , ,0,Milloy,Drouillard, , ,-82.99049612,42.30585116
531,607,Central 3,0, , ,0,Drouillard,Alice, , ,-82.99149441,42.30818349
532,606,Central 3,0, , ,0,Drouillard,Reginald, , ,-82.99279005,42.31020736
533,605,Central 3,0, , ,0,Drouillard,Seminole, , ,-82.99442437,42.31273638
534,604,Central 3,0, , ,0,Drouillard,Metcalfe, , ,-82.99545718,42.314352
535,603,Central 3,0, , ,0,Drouillard,Franklin, , ,-82.99668822,42.31626899
536,602,Central 3,0, , ,0,Drouillard,Ontario, , ,-82.99814428,42.31859148
537,601,Central 3,0, , ,0,Richmond,Hickory, , ,-82.99967627,42.31980638
538,600,Central 3,0, , ,0,Richmond,St Luke, , ,-83.00216271,42.31897526
539,599,Central 3,0, , ,0,Richmond,Walker, , ,-83.00422324,42.31837747
540,598,Central 3,0, , ,0,Richmond,Monmouth, , ,-83.00602733,42.31719052
541,597,Central 3,0, , ,0,Richmond,Chilver, , ,-83.00947695,42.31592552
542,596,Central 3,0, , ,0,Richmond,Lincoln, , ,-83.01150641,42.315187
543,595,Central 3,0, , ,0,Erie,Lincoln, , ,-83.01315523,42.31633508
544,594,Central 3,0, , ,0,Erie,Moy, , ,-83.01503289,42.3156903
545,593,Central 3,0, , ,0,Erie,Elsmere, , ,-83.0213441,42.31344378
546,592,Central 3,0, , ,0,Erie,Louis, , ,-83.02378009,42.31258749
547,591,Central 3,0, , ,0,Erie,Howard, , ,-83.02636309,42.31168448
548,590,Central 3,0, , ,0,Erie,McDougall, , ,-83.02957763,42.31055038
549,589,Central 3,0, , ,0,Erie,Windsor, , ,-83.03091853,42.31008933
550,588,Central 3,0, , ,0,Erie,Ouellette, , ,-83.03338342,42.30919259
551,587,Central 3,0, , ,0,Crawford,Elliott, , ,-83.04625001,42.30904517
552,586,Central 3,0, , ,0,Crawford,College, , ,-83.04460369,42.30640223
553,585,Central 3,0, , ,0,Crawford,Erie, , ,-83.0436615,42.30490295
554,584,Central 3,0, , ,0,Crawford,Grove, , ,-83.04206626,42.30239559
555,583,Central 3,0, , ,0,Crawford,Giles, , ,-83.04102024,42.3007687
556,582,Central 3,0, , ,0,Crawford,Tecumseh, , ,-83.04011436,42.29940132
557,581,Central 3,0, , ,0,Tecumseh,Crawford, , ,-83.04142233,42.29826494
558,580,Central 3,0, , ,0,Tecumseh,McKay, , ,-83.04516466,42.29684184
559,579,Central 3,0, , ,0,Tecumseh,Curry, , ,-83.04663351,42.29630693
560,578,Central 3,0, , ,0,Tecumseh,Campbell, , ,-83.04819764,42.29546144
561,577,Central 3,0, , ,0,Tecumseh,Bridge, , ,-83.05042288,42.29423027
562,576,Central 3,0, , ,0,Tecumseh,Randolph, , ,-83.05302998,42.29293132
563,575,Central 3,0, , ,0,Tecumseh,California, , ,-83.05550806,42.291746
564,574,Central 3,0, , ,0,Tecumseh,Northway, , ,-83.05824737,42.29076366
565,573,Central 3,0, , ,0,Tecumseh,Huron Church, , ,-83.060316,42.28996847
566,572,Central 3,0, , ,0,Tecumseh,Felix, , ,-83.0623106,42.28924338
567,571,Central 3 West,0, , ,0,Crawford,Riverside, , ,-83.05119359,42.31694436
568,570,Central 3 West,0, , ,0,Crawford,University, , ,-83.04956183,42.31445089
569,569,Central 3 West,0, , ,0,Crawford,University, , ,-83.04970654,42.31499229
570,568,Central 3 West,0, , ,0,Crawford,Riverside, , ,-83.05076962,42.31663445
571,567,Ottawa 4,0, , ,0,Transit Terminal,Chatham, , ,-83.04345487,42.31769957
572,566,Ottawa 4,0, , ,0,Giles,Ouellette, , ,-83.03065638,42.30540667
573,565,Ottawa 4,0, , ,0,Giles,Goyeau, , ,-83.02902254,42.30612747
574,564,Ottawa 4,0, , ,0,Giles,McDougall, , ,-83.02648068,42.30717429
575,563,Ottawa 4,0, , ,0,Giles,Howard, , ,-83.0234012,42.30844629
576,562,Ottawa 4,0, , ,0,Giles,Lillian, , ,-83.02228216,42.30886557
577,561,Ottawa 4,0, , ,0,Giles,Marentette, , ,-83.02032855,42.30953488
578,560,Ottawa 4,0, , ,0,Giles,Parent, , ,-83.01862901,42.31012591
579,559,Ottawa 4,0, , ,0,Ottawa,Parent, , ,-83.0166103,42.30826195
580,558,Ottawa 4,0, , ,0,Ottawa,Langlois, , ,-83.0154059,42.30868548
581,557,Ottawa 4,0, , ,0,Ottawa,Pierre, , ,-83.01299891,42.30956145
582,556,Ottawa 4,0, , ,0,Ottawa,Moy, , ,-83.0112383,42.31018469
583,555,Ottawa 4,0, , ,0,Ottawa,Gladstone, , ,-83.00975332,42.31070921
584,554,Ottawa 4,0, , ,0,Ottawa,Lincoln, , ,-83.00876298,42.31105973
585,553,Ottawa 4,0, , ,0,Ottawa,Kildare, , ,-83.0059409,42.31205686
586,552,Ottawa 4,0, , ,0,Ottawa,Walker, , ,-83.00249386,42.31327403
587,551,Ottawa 4,0, , ,0,Seminole,Walker, , ,-82.99937284,42.31047459
588,550,Ottawa 4,0, , ,0,Seminole,St Luke, , ,-82.99645597,42.31146565
589,549,Ottawa 4,0, , ,0,Seminole,Drouillard, , ,-82.99367778,42.31231917
590,548,Ottawa 4,0, , ,0,Seminole,Alexis, , ,-82.99174522,42.31272217
591,547,Ottawa 4,0, , ,0,Seminole,Central, , ,-82.98627791,42.31466798
592,546,Ottawa 4,0, , ,0,Seminole,Westcott, , ,-82.98452454,42.31528917
593,545,Ottawa 4,0, , ,0,Seminole,George, , ,-82.98188177,42.31622775
594,544,Ottawa 4,0, , ,0,Seminole,Rossini, , ,-82.98013559,42.31683482
595,543,Ottawa 4,0, , ,0,Seminole,Francois, , ,-82.97757388,42.31773665
596,542,Ottawa 4,0, , ,0,Pillette,Seminole, , ,-82.97536092,42.31894141
597,541,Ottawa 4,0, , ,0,Pillette,Metcalfe, , ,-82.97647267,42.32070326
598,540,Ottawa 4,0, , ,0,Pillette,South National, , ,-82.97707459,42.32162152
599,539,Ottawa 4,0, , ,0,Pillette,Ontario, , ,-82.97886197,42.3243949
600,538,Ottawa 4,0, , ,0,Pillette,Wyandotte, , ,-82.98002806,42.32619254
601,537,Ottawa 4,0, , ,0,Jefferson,Ontario, , ,-82.96276287,42.32755848
602,536,Ottawa 4,0, , ,0,Jefferson,Raymond, , ,-82.96141512,42.32541204
603,535,Ottawa 4,0, , ,0,Jefferson,Edgar, , ,-82.96023313,42.32353168
604,534,Ottawa 4,0, , ,0,South National,Jefferson, , ,-82.95819389,42.31960462
605,533,Ottawa 4,0, , ,0,South National,Balfour, , ,-82.9606938,42.31989868
606,532,Ottawa 4,0, , ,0,South National,Ferndale, , ,-82.96431543,42.32025605
607,531,Ottawa 4,0, , ,0,Ford,South National, , ,-82.96801797,42.32028289
608,530,Ottawa 4,0, , ,0,Ford,Reginald, , ,-82.96684253,42.31842849
609,529,Ottawa 4,0, , ,0,Ford,Lassaline, , ,-82.96501619,42.31554942
610,528,Ottawa 4,0, , ,0,Ford,Coronation, , ,-82.9635355,42.31322614
611,527,Ottawa 4,0, , ,0,Ford,Empress, , ,-82.96177384,42.31044602
612,526,Ottawa 4,0, , ,0,Rivard,Joinville, , ,-82.95442208,42.3026953
613,525,Ottawa 4,0, , ,0,Rivard,Haig, , ,-82.95423215,42.30088619
614,524,Ottawa 4,0, , ,0,Rivard,Grand, , ,-82.95281176,42.29810174
615,523,Ottawa 4,0, , ,0,Rivard,Ambassador Church, , ,-82.95367942,42.29479798
616,522,Ottawa 4,0, , ,0,Rivard,Queen Elizabeth, , ,-82.95270125,42.293267
617,521,Ottawa 4,0, , ,0,Queen Elizabeth,Clarence, , ,-82.95040672,42.29372702
618,520,Ottawa 4,0, , ,0,Queen Elizabeth,Harmony, , ,-82.94794484,42.29430377
619,519,Ottawa 4,0, , ,0,Queen Elizabeth,Clemenceau, , ,-82.94556915,42.2951089
620,518,Ottawa 4,0, , ,0,Clemenceau,Roosevelt, , ,-82.94664941,42.29767454
621,517,Ottawa 4,0, , ,0,Clemenceau,Grand, , ,-82.94803335,42.2998671
622,516,Ottawa 4,0, , ,0,Clemenceau,Haig, , ,-82.94935464,42.30195117
623,515,Ottawa 4,0, , ,0,Clemenceau,Joinville, , ,-82.95059204,42.30396607
624,514,Ottawa 4,0, , ,0,Clemenceau,Rose, , ,-82.95158909,42.30550613
625,513,Ottawa 4,0, , ,0,Tecumseh Mall,Rear Entrance, , ,-82.936192,42.31600357
626,512,Ottawa 4,0, , ,0,Lauzon,Yolanda, , ,-82.93130916,42.3131383
627,511,Ottawa 4,0, , ,0,Lauzon,Hawthorne, , ,-82.92966106,42.3105769
628,510,Ottawa 4,0, , ,0,Hawthorne,Sycamore, , ,-82.93177966,42.30981471
629,509,Ottawa 4,0, , ,0,Meadowbrook,Hawthorne, , ,-82.93389868,42.30901372
630,508,Ottawa 4,0, , ,0,Meadowbrook,Parkside Estates, , ,-82.93263677,42.30703336
631,507,Ottawa 4,0, , ,0,Meadowbrook,Optimist Park, , ,-82.93097131,42.3047847
632,506,Ottawa 4,0, , ,0,Meadowbrook,Essex Way, , ,-82.93010074,42.30276401
633,505,Ottawa 4,0, , ,0,Essex Way,Meadowbrook, , ,-82.92996596,42.30167041
634,504,Ottawa 4,0, , ,0,Cantelon,Kew, , ,-82.93626045,42.30274319
635,503,Ottawa 4,0, , ,0,Cantelon,Lauzon, , ,-82.93315817,42.30380574
636,502,Ottawa 4,0, , ,0,Forest Glade,Lauzon Pkwy, , ,-82.92648141,42.29759338
637,501,Ottawa 4,0, , ,0,Forest Glade,Lauzon, , ,-82.92207417,42.29990438
638,500,Ottawa 4,0, , ,0,Beachdale,Chestnut, , ,-82.92015544,42.3067083
639,499,Ottawa 4,0, , ,0,Esplanade,Beachdale, , ,-82.92404455,42.30633509
640,498,Ottawa 4,0, , ,0,Esplanade,Ridge, , ,-82.92471222,42.30771215
641,497,Ottawa 4,0, , ,0,Esplanade,Lilac, , ,-82.92567805,42.30923635
642,496,Ottawa 4,0, , ,0,Lilac,Lauzon, , ,-82.92806641,42.30873262
643,495,Ottawa 4,0, , ,0,Lauzon,Hawthorne, , ,-82.92928595,42.31029026
644,494,Ottawa 4,0, , ,0,Lauzon,Yolanda, , ,-82.93050807,42.31226927
645,493,Ottawa 4,0, , ,0,Tecumseh Mall,Rear Entrance, , ,-82.93645008,42.3161288
646,492,Ottawa 4,0, , ,0,Clemenceau,Rose, , ,-82.95170358,42.30546984
647,491,Ottawa 4,0, , ,0,Clemenceau,Joinville, , ,-82.95092029,42.3042298
648,490,Ottawa 4,0, , ,0,Clemenceau,Haig, , ,-82.94940188,42.30180568
649,489,Ottawa 4,0, , ,0,Clemenceau,Grand, , ,-82.94802155,42.29962975
650,488,Ottawa 4,0, , ,0,Clemenceau,Roosevelt, , ,-82.94662994,42.29734872
651,487,Ottawa 4,0, , ,0,Clemenceau,Queen Elizabeth, , ,-82.94538833,42.295398
652,486,Ottawa 4,0, , ,0,Queen Elizabeth,Harmony, , ,-82.9463503,42.29496802
653,485,Ottawa 4,0, , ,0,Queen Elizabeth,Grandview, , ,-82.947655,42.29450375
654,484,Ottawa 4,0, , ,0,Queen Elizabeth,Wachna, , ,-82.94901907,42.29421675
655,483,Ottawa 4,0, , ,0,Queen Elizabeth,Clarence, , ,-82.95080334,42.29369756
656,482,Ottawa 4,0, , ,0,Queen Elizabeth,Rivard, , ,-82.95223157,42.29318779
657,481,Ottawa 4,0, , ,0,Rivard,Library, , ,-82.95355301,42.29546598
658,480,Ottawa 4,0, , ,0,Rivard,Grand, , ,-82.95267159,42.29768888
659,479,Ottawa 4,0, , ,0,Rivard,Haig, , ,-82.95401679,42.30125967
660,478,Ottawa 4,0, , ,0,Rivard,Joinville, , ,-82.95442488,42.30298437
661,477,Ottawa 4,0, , ,0,Rivard,Rose, , ,-82.95533462,42.30440317
662,476,Ottawa 4,0, , ,0,Ford,Empress, , ,-82.96189233,42.31085911
663,475,Ottawa 4,0, , ,0,Ford,Coronation, , ,-82.96323573,42.31296889
664,474,Ottawa 4,0, , ,0,Ford,Lassaline, , ,-82.96510274,42.31593552
665,473,Ottawa 4,0, , ,0,Ford,Reginald, , ,-82.9667137,42.31848039
666,472,Ottawa 4,0, , ,0,Ford,South National, , ,-82.96788956,42.3203533
667,471,Ottawa 4,0, , ,0,South National,Ferndale, , ,-82.96356466,42.32005846
668,470,Ottawa 4,0, , ,0,South National,Balfour, , ,-82.95991885,42.31968533
669,469,Ottawa 4,0, , ,0,Jefferson,South National, , ,-82.95799007,42.32026539
670,468,Ottawa 4,0, , ,0,Jefferson,Edgar, , ,-82.96034994,42.32401987
671,467,Ottawa 4,0, , ,0,Jefferson,Raymond, , ,-82.96154809,42.32594139
672,466,Ottawa 4,0, , ,0,Jefferson,Ontario, , ,-82.96289481,42.32806377
673,465,Ottawa 4,0, , ,0,Pillette,Wyandotte, , ,-82.97997378,42.32586647
674,464,Ottawa 4,0, , ,0,Pillette,Ontario, , ,-82.97864352,42.32382895
675,463,Ottawa 4,0, , ,0,Pillette,South National, , ,-82.97745582,42.32194171
676,462,Ottawa 4,0, , ,0,Pillette,Metcalfe, , ,-82.97649664,42.32043147
677,461,Ottawa 4,0, , ,0,Seminole,Pillette, , ,-82.97569224,42.31855166
678,460,Ottawa 4,0, , ,0,Seminole,Francois, , ,-82.97781185,42.31782188
679,459,Ottawa 4,0, , ,0,Seminole,Bernard, , ,-82.97955485,42.3172009
680,458,Ottawa 4,0, , ,0,Seminole,Rossini, , ,-82.9807542,42.31677743
681,457,Ottawa 4,0, , ,0,Seminole,George, , ,-82.98276353,42.31607121
682,456,Ottawa 4,0, , ,0,Seminole,Central, , ,-82.98633546,42.31481678
683,455,Ottawa 4,0, , ,0,Seminole,Alexis, , ,-82.99182623,42.31286493
684,454,Ottawa 4,0, , ,0,Seminole,Drouillard, , ,-82.99385751,42.31248086
685,453,Ottawa 4,0, , ,0,Seminole,Albert, , ,-82.99631581,42.31172714
686,452,Ottawa 4,0, , ,0,Seminole,Walker, , ,-82.99897193,42.31077883
687,451,Ottawa 4,0, , ,0,Ottawa,Monmouth, , ,-83.00274375,42.31337132
688,450,Ottawa 4,0, , ,0,Ottawa,Argyle, , ,-83.00447408,42.31275529
689,449,Ottawa 4,0, , ,0,Ottawa,Kildare, , ,-83.0061068,42.31217861
690,448,Ottawa 4,0, , ,0,Ottawa,Lincoln, , ,-83.00935571,42.31100235
691,447,Ottawa 4,0, , ,0,Ottawa,Gladstone, , ,-83.01045235,42.31060659
692,446,Ottawa 4,0, , ,0,Ottawa,Hall, , ,-83.01254039,42.30986397
693,445,Ottawa 4,0, , ,0,Ottawa,Benjamin, , ,-83.01459463,42.30915998
694,444,Ottawa 4,0, , ,0,Parent,Ottawa, , ,-83.01711909,42.30850255
695,443,Ottawa 4,0, , ,0,Giles,Elsmere, , ,-83.01942599,42.31012419
696,442,Ottawa 4,0, , ,0,Giles,Louis, , ,-83.02190402,42.3092332
697,441,Ottawa 4,0, , ,0,Giles,Howard, , ,-83.02408654,42.30844866
698,440,Ottawa 4,0, , ,0,Giles,McDougall, , ,-83.02661692,42.30736252
699,439,Ottawa 4,0, , ,0,Giles,Windsor, , ,-83.02854954,42.30656203
700,438,Ottawa 4,0, , ,0,Giles,Ouellette, , ,-83.0309968,42.30552194
701,437,Ottawa 4-PM,0, , ,0,Walker,Ontario, , ,-83.00314567,42.31592353
702,436,Ottawa 4-PM,0, , ,0,Walker,Ontario, , ,-83.00354861,42.31625378
703,435,Dominion 5,0, , ,0,Transit Terminal,Chatham, , ,-83.04347415,42.31779139
704,434,Dominion 5,0, , ,0,Riverside,Caron, , ,-83.04856611,42.31775139
705,433,Dominion 5,0, , ,0,Riverside,Oak, , ,-83.0528845,42.31704253
706,432,Dominion 5,0, , ,0,Riverside,McKay, , ,-83.05749672,42.3157166
707,431,Dominion 5,0, , ,0,Campbell,Riverside, , ,-83.06063065,42.31427335
708,430,Dominion 5,0, , ,0,Campbell,University, , ,-83.05872008,42.31126599
709,429,Dominion 5,0, , ,0,Campbell,Wyandotte, , ,-83.05595766,42.30696348
710,428,Dominion 5,0, , ,0,Campbell,Rooney, , ,-83.05442075,42.30458638
711,427,Dominion 5,0, , ,0,Campbell,College, , ,-83.05365576,42.30333402
712,426,Dominion 5,0, , ,0,Campbell,Adanac, , ,-83.05222345,42.30114201
713,425,Dominion 5,0, , ,0,Campbell,Grove, , ,-83.05128263,42.29966606
714,424,Dominion 5,0, , ,0,Campbell,Taylor, , ,-83.0505631,42.29804134
715,423,Dominion 5,0, , ,0,Campbell,Pelletier, , ,-83.04990309,42.29702889
716,422,Dominion 5,0, , ,0,Campbell,Tecumseh, , ,-83.04809344,42.29504137
717,421,Dominion 5,0, , ,0,Campbell,Mark, , ,-83.04679325,42.29440991
718,420,Dominion 5,0, , ,0,Campbell,Curry, , ,-83.04294698,42.2926207
719,419,Dominion 5,0, , ,0,Dominion,Totten, , ,-83.04064874,42.29128552
720,418,Dominion 5,0, , ,0,Dominion,Arcadia, , ,-83.03874586,42.28834099
721,417,Dominion 5,0, , ,0,Dominion,McKay, , ,-83.03700502,42.28565175
722,416,Dominion 5,0, , ,0,Dominion,Ojibway, , ,-83.03449037,42.28170863
723,415,Dominion 5,0, , ,0,Dominion,Holy Names Access, , ,-83.03285239,42.27921573
724,414,Dominion 5,0, , ,0,Dominion,Northwood, , ,-83.03167417,42.27727204
725,413,Dominion 5,0, , ,0,Dominion,EC Row, , ,-83.02922111,42.27339729
726,412,Dominion 5,0, , ,0,Dominion,Labelle, , ,-83.02783085,42.27130585
727,411,Dominion 5,0, , ,0,Dominion,Grand Marais, , ,-83.02584332,42.2681637
728,410,Dominion 5,0, , ,0,Dominion,Norfolk, , ,-83.02351518,42.26499835
729,409,Dominion 5,0, , ,0,Dominion,Richardie, , ,-83.02101955,42.26132854
730,408,Dominion 5,0, , ,0,Dominion,Beals, , ,-83.01965766,42.2592562
731,407,Dominion 5,0, , ,0,Dominion,Roselawn, , ,-83.01826367,42.25707455
732,406,Dominion 5,0, , ,0,Dominion,Cabana, , ,-83.01743283,42.2548845
733,405,Dominion 5,0, , ,0,Mount Royal,Cabana, , ,-83.01615871,42.25288994
734,404,Dominion 5,0, , ,0,Mount Royal,Villa Maria N, , ,-83.01474546,42.25066411
735,403,Dominion 5,0, , ,0,Mount Royal,Villa Maria S, , ,-83.0134386,42.24860903
736,402,Dominion 5,0, , ,0,Mount Royal,Mitchell, , ,-83.01124391,42.24513117
737,401,Dominion 5,0, , ,0,Mount Royal,Cousineau, , ,-83.0100688,42.2432415
738,400,Dominion 5,0, , ,0,Cousineau,Huron Line, , ,-83.01419376,42.24229578
739,399,Dominion 5,0, , ,0,St Clair,Front Entrance, , ,-83.01796575,42.2460404
740,398,Dominion 5,0, , ,0,Geraedts,St Clair Residence, , ,-83.02116048,42.2485956
741,397,Dominion 5,0, , ,0,Glenwood,Cabana, , ,-83.02218089,42.25423933
742,396,Dominion 5,0, , ,0,Glenwood,Beals, , ,-83.02434385,42.2576679
743,395,Dominion 5,0, , ,0,Beals,Charlevoix, , ,-83.02644769,42.2572977
744,394,Dominion 5,0, , ,0,Rankin,Liberty, , ,-83.0291221,42.25887834
745,393,Dominion 5,0, , ,0,Norfolk,Rankin, , ,-83.03174101,42.2618878
746,392,Dominion 5,0, , ,0,Norfolk,California, , ,-83.03478663,42.26081138
747,391,Dominion 5,0, , ,0,California,Grand Marais, , ,-83.03676051,42.26357453
748,390,Dominion 5,0, , ,0,Grand Marais,Northway, , ,-83.03966976,42.26283643
749,389,Dominion 5,0, , ,0,Labelle,Northway, , ,-83.04152465,42.2662928
750,388,Dominion 5,0, , ,0,Labelle,California, , ,-83.03857794,42.2671835
751,387,Dominion 5,0, , ,0,Labelle,St Patricks, , ,-83.03669669,42.26786421
752,386,Dominion 5,0, , ,0,Labelle,Partington, , ,-83.03434565,42.26869782
753,385,Dominion 5,0, , ,0,Labelle,Mark, , ,-83.03184261,42.26958518
754,384,Dominion 5,0, , ,0,Labelle,Curry, , ,-83.03007204,42.27019988
755,383,Dominion 5,0, , ,0,Labelle,Dominion, , ,-83.02785558,42.27098783
756,382,Dominion 5,0, , ,0,Dominion,EC Row, , ,-83.02951328,42.27434714
757,381,Dominion 5,0, , ,0,Dominion,Northwood, , ,-83.03149466,42.2773925
758,380,Dominion 5,0, , ,0,Dominion,Holy Names Access, , ,-83.03264916,42.27916132
759,379,Dominion 5,0, , ,0,Dominion,Ojibway, , ,-83.03464143,42.28224665
760,378,Dominion 5,0, , ,0,Dominion,McKay, , ,-83.0366571,42.2853779
761,377,Dominion 5,0, , ,0,Dominion,Arcadia, , ,-83.03861096,42.28840811
762,376,Dominion 5,0, , ,0,Campbell,Totten, , ,-83.04145928,42.29208626
763,375,Dominion 5,0, , ,0,Campbell,Curry, , ,-83.04364895,42.29310572
764,374,Dominion 5,0, , ,0,Campbell,Tecumseh, , ,-83.04805849,42.29519731
765,373,Dominion 5,0, , ,0,Campbell,Pelletier, , ,-83.04973299,42.29702853
766,372,Dominion 5,0, , ,0,Campbell,Taylor, , ,-83.05044319,42.29823843
767,371,Dominion 5,0, , ,0,Campbell,Grove, , ,-83.05108953,42.29964066
768,370,Dominion 5,0, , ,0,Campbell,Adanac, , ,-83.05215479,42.30131474
769,369,Dominion 5,0, , ,0,Campbell,College, , ,-83.05345896,42.30335383
770,368,Dominion 5,0, , ,0,Campbell,Rooney, , ,-83.05455988,42.30506406
771,367,Dominion 5,0, , ,0,Campbell,Wyandotte, , ,-83.05589733,42.30716408
772,366,Dominion 5,0, , ,0,Campbell,University, , ,-83.05904967,42.31207699
773,365,Dominion 5,0, , ,0,Campbell,Riverside, , ,-83.06055915,42.31439367
774,364,Dominion 5,0, , ,0,Riverside,McKay, , ,-83.05697119,42.31571907
775,363,Dominion 5,0, , ,0,Riverside,Oak, , ,-83.05224458,42.31704984
776,362,Dougall 6,0, , ,0,Transit Terminal,Chatham, , ,-83.04339111,42.3176095
777,361,Dougall 6,0, , ,0,Janette,Park, , ,-83.04545644,42.31477675
778,360,Dougall 6,0, , ,0,Janette,Wyandotte, , ,-83.04337434,42.31155044
779,359,Dougall 6,0, , ,0,Erie,Church, , ,-83.03788471,42.30747131
780,358,Dougall 6,0, , ,0,Dougall,Pine, , ,-83.03527602,42.30598622
781,357,Dougall 6,0, , ,0,Dougall,Giles, , ,-83.03432824,42.30447475
782,356,Dougall 6,0, , ,0,Dougall,Montrose, , ,-83.03327535,42.30285473
783,355,Dougall 6,0, , ,0,Dougall,Ellis, , ,-83.03208116,42.30101228
784,354,Dougall 6,0, , ,0,Dougall,Shepherd, , ,-83.03097826,42.29933024
785,353,Dougall 6,0, , ,0,Dougall,Hanna, , ,-83.02932574,42.29675587
786,352,Dougall 6,0, , ,0,Dougall,Tecumseh, , ,-83.02847137,42.29540715
787,351,Dougall 6,0, , ,0,Dougall,Wear, , ,-83.02740976,42.29381508
788,350,Dougall 6,0, , ,0,Dougall,Jackson, , ,-83.02623995,42.29195224
789,349,Dougall 6,0, , ,0,Dougall,Value Village, , ,-83.02476973,42.28960974
790,348,Dougall 6,0, , ,0,Dougall,Dorwin Plaza, , ,-83.02373967,42.28797137
791,347,Dougall 6,0, , ,0,Dougall,Dougall Plaza, , ,-83.02289506,42.28669134
792,346,Dougall 6,0, , ,0,Eugenie,Dougall, , ,-83.02122513,42.28534663
793,345,Dougall 6,0, , ,0,Eugenie,Ouellette, , ,-83.01937075,42.28596399
794,344,Dougall 6,0, , ,0,Dougall,South Cameron, , ,-83.01714364,42.27765761
795,343,Dougall 6,0, , ,0,Dougall,West Grand, , ,-83.01403437,42.27290148
796,342,Dougall 6,0, , ,0,Dougall,Nottingham, , ,-83.01223965,42.27008626
797,341,Dougall 6,0, , ,0,Dougall,Norfolk, , ,-83.01102224,42.26817669
798,340,Dougall 6,0, , ,0,Dougall,Liberty, , ,-83.0094451,42.2657344
799,339,Dougall 6,0, , ,0,Dougall,Beals, , ,-83.00786916,42.26330758
800,338,Dougall 6,0, , ,0,Dougall,Medina, , ,-83.00662833,42.26134421
801,337,Dougall 6,0, , ,0,Dougall,Granada, , ,-83.00569036,42.25993418
802,336,Dougall 6,0, , ,0,Cabana,Dougall, , ,-83.00236284,42.25739116
803,335,Dougall 6,0, , ,0,Cabana,Huntington, , ,-82.99963219,42.25792564
804,334,Dougall 6,0, , ,0,Howard,Cabana, , ,-82.99583999,42.25795108
805,333,Dougall 6,0, , ,0,Howard,Morand, , ,-82.99584098,42.25635732
806,332,Dougall 6,0, , ,0,Howard,Ducharme, , ,-82.99589453,42.25528192
807,331,Dougall 6,0, , ,0,Howard,Wallace, , ,-82.99608362,42.25266711
808,330,Dougall 6,0, , ,0,Howard,Neal, , ,-82.99651433,42.24595435
809,329,Dougall 6,0, , ,0,Country Club,Howard, , ,-82.9975265,42.24091567
810,328,Dougall 6,0, , ,0,Country Club,Rodfam, , ,-82.99935777,42.24074579
811,327,Dougall 6,0, , ,0,Country Club,Club House, , ,-83.00025548,42.24142831
812,326,Dougall 6,0, , ,0,Country Club,Hunt Club, , ,-83.00025086,42.2427025
813,325,Dougall 6,0, , ,0,Country Club,Golfcourse, , ,-83.0002397,42.24365401
814,324,Dougall 6,0, , ,0,Cousineau,Casgrain, , ,-83.0068384,42.24363962
815,323,Dougall 6,0, , ,0,Cousineau,Mount Royal, , ,-83.00967349,42.24313282
816,322,Dougall 6,0, , ,0,Cousineau,Kendleton, , ,-83.01299371,42.24244543
817,321,Dougall 6,0, , ,0,Cousineau,Mount Royal, , ,-83.0100124,42.24295284
818,320,Dougall 6,0, , ,0,Cousineau,Casgrain, , ,-83.00628945,42.24361504
819,319,Dougall 6,0, , ,0,Cousineau,Country Club, , ,-83.00300161,42.24423527
820,318,Dougall 6,0, , ,0,Country Club,Cherry Hill, , ,-83.00036042,42.24358855
821,317,Dougall 6,0, , ,0,Country Club,Hunt Club, , ,-83.00041759,42.24231208
822,316,Dougall 6,0, , ,0,Country Club,Shadetree, , ,-82.99915462,42.24059468
823,315,Dougall 6,0, , ,0,Country Club,Wembley, , ,-82.99777325,42.24077154
824,314,Dougall 6,0, , ,0,Howard,Pioneer, , ,-82.99642095,42.24315232
825,313,Dougall 6,0, , ,0,Howard,North Talbot, , ,-82.99622638,42.24627914
826,312,Dougall 6,0, , ,0,Howard,Scofield, , ,-82.99587549,42.25338438
827,311,Dougall 6,0, , ,0,Howard,Ducharme, , ,-82.9957848,42.25522723
828,310,Dougall 6,0, , ,0,Howard,Morand, , ,-82.99570162,42.25671544
829,309,Dougall 6,0, , ,0,Cabana,Howard, , ,-82.99629335,42.25870495
830,308,Dougall 6,0, , ,0,Cabana,Huntington, , ,-83.00010197,42.25796681
831,307,Dougall 6,0, , ,0,Cabana,Dougall, , ,-83.00352307,42.2573681
832,306,Dougall 6,0, , ,0,Dougall,Granada, , ,-83.00551529,42.26003108
833,305,Dougall 6,0, , ,0,Dougall,Medina, , ,-83.00678187,42.26199988
834,304,Dougall 6,0, , ,0,Dougall,Beals, , ,-83.00808107,42.26403798
835,303,Dougall 6,0, , ,0,Dougall,Liberty, , ,-83.0098867,42.26695175
836,302,Dougall 6,0, , ,0,Dougall,Nottingham, , ,-83.01179907,42.26998961
837,301,Dougall 6,0, , ,0,Dougall,West Grand, , ,-83.01426174,42.27379828
838,300,Dougall 6,0, , ,0,Dougall,South Cameron, , ,-83.01716858,42.27836992
839,299,Dougall 6,0, , ,0,Eugenie,Pelissier, , ,-83.02062433,42.28575067
840,298,Dougall 6,0, , ,0,Dougall,Rose Bowl, , ,-83.02262448,42.28675306
841,297,Dougall 6,0, , ,0,Dougall,Dougall Square, , ,-83.02389597,42.28876318
842,296,Dougall 6,0, , ,0,Dougall,Superstore Gas Station, , ,-83.02464614,42.28980162
843,295,Dougall 6,0, , ,0,Dougall,Jackson, , ,-83.02580612,42.29159259
844,294,Dougall 6,0, , ,0,Dougall,Wear, , ,-83.02724227,42.29379663
845,293,Dougall 6,0, , ,0,Tecumseh,Church, , ,-83.02991173,42.29564727
846,292,Dougall 6,0, , ,0,Bruce,Tecumseh, , ,-83.03156092,42.29557644
847,291,Dougall 6,0, , ,0,Bruce,Hanna, , ,-83.03264771,42.29725602
848,290,Dougall 6,0, , ,0,Bruce,Shepherd, , ,-83.0336244,42.29877559
849,289,Dougall 6,0, , ,0,Bruce,Clinton, , ,-83.03514879,42.30114717
850,288,Dougall 6,0, , ,0,Bruce,Giles, , ,-83.0367496,42.30366213
851,287,Dougall 6,0, , ,0,Bruce,Pine, , ,-83.03794015,42.30550207
852,286,Dougall 6,0, , ,0,Bruce,Erie, , ,-83.0388909,42.30695638
853,285,Dougall 6,0, , ,0,Bruce,Wyandotte, , ,-83.04212922,42.31195327
854,284,Dougall 6,0, , ,0,Bruce,Park, , ,-83.04400761,42.31483866
855,283,Dougall 6,0, , ,0,Bruce,University, , ,-83.04475379,42.31601158
856,282,South Windsor 7,0, , ,0,College Ave,Community Centre, , ,-83.07118059,42.29601575
857,281,South Windsor 7,0, , ,0,Matchette,Chappell, , ,-83.06868537,42.28329564
858,280,South Windsor 7,0, , ,0,Matchette,Carmichael, , ,-83.0694903,42.28131485
859,279,South Windsor 7,0, , ,0,Matchette,Broadway, , ,-83.07341042,42.26896337
860,278,South Windsor 7,0, , ,0,Matchette,Titcombe, , ,-83.07430136,42.26396341
861,277,South Windsor 7,0, , ,0,Matchette,Sprucewood, , ,-83.07619609,42.25303937
862,276,South Windsor 7,0, , ,0,Sprucewood,Ambassador Golf, , ,-83.07976648,42.25444565
863,275,South Windsor 7,0, , ,0,Marigold,Weaver, , ,-83.08479077,42.25902063
864,274,South Windsor 7,0, , ,0,Sprucewood,Ambassador Golf, , ,-83.07979162,42.25432881
865,273,South Windsor 7,0, , ,0,Sprucewood,Matchette, , ,-83.07643252,42.25266841
866,272,South Windsor 7,0, , ,0,Sprucewood,Matchette, , ,-83.074939,42.25191858
867,271,South Windsor 7,0, , ,0,Sprucewood,Abbott, , ,-83.06886161,42.2488759
868,270,South Windsor 7,0, , ,0,Sprucewood,Woodmont, , ,-83.06592754,42.24768718
869,269,South Windsor 7,0, , ,0,Sprucewood,Malden, , ,-83.06230347,42.24671406
870,268,South Windsor 7,0, , ,0,Malden,Delmar, , ,-83.06065108,42.24757599
871,267,South Windsor 7,0, , ,0,Malden,Wyoming, , ,-83.06056112,42.24981563
872,266,South Windsor 7,0, , ,0,Todd Lane,Elmdale, , ,-83.05427484,42.25137353
873,265,South Windsor 7,0, , ,0,Todd Lane,Wayne, , ,-83.04991601,42.25121569
874,264,South Windsor 7,0, , ,0,Todd Lane,Canada, , ,-83.0467966,42.25111677
875,263,South Windsor 7,0, , ,0,Todd Lane,Ninth, , ,-83.04149241,42.25093376
876,262,South Windsor 7,0, , ,0,Todd Lane,Tenth, , ,-83.0393508,42.25084985
877,261,South Windsor 7,0, , ,0,Cabana,Northway, , ,-83.03232945,42.25194023
878,260,South Windsor 7,0, , ,0,Cabana,Southwinds, , ,-83.02645105,42.25301812
879,259,South Windsor 7,0, , ,0,Cabana,Roxborough, , ,-83.02331352,42.2535919
880,258,South Windsor 7,0, , ,0,Geraedts,St Clair Residence, , ,-83.02079208,42.24924853
881,257,South Windsor 7,0, , ,0,St Clair,Front Entrance, , ,-83.01757889,42.24612457
882,256,South Windsor 7,0, , ,0,Cabana,Geraedts, , ,-83.02114941,42.25399513
883,255,South Windsor 7,0, , ,0,Cabana,Longfellow, , ,-83.01639839,42.25482452
884,254,South Windsor 7,0, , ,0,Cabana,McGraw, , ,-83.00879878,42.25619029
885,253,South Windsor 7,0, , ,0,Howard,Cabana, , ,-82.99552386,42.25906215
886,252,South Windsor 7,0, , ,0,Howard,Maguire, , ,-82.99935493,42.26496829
887,251,South Windsor 7,0, , ,0,Howard,Kenilworth, , ,-83.00169412,42.26867845
888,250,South Windsor 7,0, , ,0,Devonshire Mall,Moxies, , ,-82.9996722,42.27348147
889,249,South Windsor 7,0, , ,0,Marentette,Foster, , ,-82.9952425,42.26998566
890,248,South Windsor 7,0, , ,0,Marentette,Division, , ,-82.99329363,42.26690485
891,247,South Windsor 7,0, , ,0,Provincial,Clarke, , ,-82.98503725,42.26214476
892,246,South Windsor 7,0, , ,0,Provincial,Cabana, , ,-82.98091105,42.25990031
893,245,South Windsor 7,0, , ,0,Provincial,Lone Pine, , ,-82.97648521,42.25747605
894,244,South Windsor 7,0, , ,0,Provincial,Monarch Basics, , ,-82.97273857,42.25542815
895,243,South Windsor 7,0, , ,0,Provincial,Legacy Park, , ,-82.97040698,42.25417498
896,242,South Windsor 7,0, , ,0,Legacy Park,Sears Home, , ,-82.96613885,42.25381363
897,241,South Windsor 7,0, , ,0,Division,Turner, , ,-82.97043421,42.26300019
898,240,South Windsor 7,0, , ,0,Division,Woodward, , ,-82.97503841,42.262187
899,239,South Windsor 7,0, , ,0,Division,Conservation Area, , ,-82.98106216,42.26200705
900,238,South Windsor 7,0, , ,0,Division,Clarke, , ,-82.98469818,42.26294602
901,237,South Windsor 7,0, , ,0,Marentette,Division, , ,-82.99347425,42.26750114
902,236,South Windsor 7,0, , ,0,Marentette,Foster, , ,-82.99589558,42.2712588
903,235,South Windsor 7,0, , ,0,Howard,Kenilworth, , ,-83.0013781,42.2679001
904,234,South Windsor 7,0, , ,0,Howard,Maguire, , ,-82.99897043,42.26407631
905,233,South Windsor 7,0, , ,0,Cabana,Dougall, , ,-83.00470069,42.25715926
906,232,South Windsor 7,0, , ,0,Cabana,McGraw, , ,-83.01062504,42.25602283
907,231,South Windsor 7,0, , ,0,Cabana,Dominion, , ,-83.01809508,42.25471137
908,230,South Windsor 7,0, , ,0,Cabana,Geraedts, , ,-83.02256099,42.25388706
909,229,South Windsor 7,0, , ,0,Cabana,Randolph, , ,-83.02687063,42.25307228
910,228,South Windsor 7,0, , ,0,Cabana,Northway, , ,-83.0328299,42.25197268
911,227,South Windsor 7,0, , ,0,Todd Lane,Ninth, , ,-83.04125973,42.25106908
912,226,South Windsor 7,0, , ,0,Todd Lane,Canada, , ,-83.04702993,42.25126241
913,225,South Windsor 7,0, , ,0,Todd Lane,Wayne, , ,-83.04959065,42.25134668
914,224,South Windsor 7,0, , ,0,Todd Lane,Third, , ,-83.05538456,42.25153198
915,223,South Windsor 7,0, , ,0,Malden,Delmar, , ,-83.06095357,42.24736138
916,222,South Windsor 7,0, , ,0,Sprucewood,Malden, , ,-83.06244913,42.24689345
917,221,South Windsor 7,0, , ,0,Sprucewood,Woodmont, , ,-83.06590328,42.24781706
918,220,South Windsor 7,0, , ,0,Sprucewood,Abbott, , ,-83.06940663,42.24929056
919,219,South Windsor 7,0, , ,0,Sprucewood,Matchette, , ,-83.07365277,42.25141326
920,218,South Windsor 7,0, , ,0,Matchette,Titcombe, , ,-83.07417777,42.26391362
921,217,South Windsor 7,0, , ,0,Matchette,Armanda, , ,-83.07312839,42.26968967
922,216,South Windsor 7,0, , ,0,Matchette,Carmichael, , ,-83.06907142,42.28167783
923,215,South Windsor 7,0, , ,0,Matchette,Chappell, , ,-83.06837154,42.28361932
924,214,South Windsor 7,0, , ,0,Prince,Vaughan, , ,-83.06760141,42.28790082
925,213,South Windsor 7,0, , ,0,Prince,Barrymore, , ,-83.07142284,42.28884302
926,212,South Windsor 7,0, , ,0,Prince,College, , ,-83.07447789,42.28959461
927,211,Walkerville 8,0, , ,0,Church,Pitt, , ,-83.04369832,42.31776495
928,210,Walkerville 8,0, , ,0,Riverside,Ouellette, , ,-83.03931422,42.31973067
929,209,Walkerville 8,0, , ,0,Riverside,McDougall, , ,-83.03654523,42.32033812
930,208,Walkerville 8,0, , ,0,Riverside,Aylmer, , ,-83.03073595,42.32155985
931,207,Walkerville 8,0, , ,0,Riverside,Parent, , ,-83.02596982,42.32284582
932,206,Walkerville 8,0, , ,0,Riverside,Hall, , ,-83.02197198,42.32433975
933,205,Walkerville 8,0, , ,0,Gladstone,Assumption, , ,-83.01800522,42.32286753
934,204,Walkerville 8,0, , ,0,Gladstone,Wyandotte, , ,-83.01682726,42.32101769
935,203,Walkerville 8,0, , ,0,Gladstone,Cataraqui, , ,-83.015712,42.31926928
936,202,Walkerville 8,0, , ,0,Gladstone,Niagara, , ,-83.01469536,42.31769165
937,201,Walkerville 8,0, , ,0,Gladstone,Erie, , ,-83.01354374,42.31588422
938,200,Walkerville 8,0, , ,0,Gladstone,Richmond, , ,-83.01267438,42.31453837
939,199,Walkerville 8,0, , ,0,Gladstone,Giles, , ,-83.01136528,42.31252677
940,198,Walkerville 8,0, , ,0,Gladstone,Ottawa, , ,-83.01003054,42.31045279
941,197,Walkerville 8,0, , ,0,Shepherd,Lincoln, , ,-83.00715554,42.30787198
942,196,Walkerville 8,0, , ,0,Lincoln,ETR Rail Tracks, , ,-83.00551145,42.30542523
943,195,Walkerville 8,0, , ,0,Lincoln,Seneca, , ,-83.00450753,42.30385172
944,194,Walkerville 8,0, , ,0,Lincoln,Tecumseh, , ,-83.00227345,42.30037016
945,193,Walkerville 8,0, , ,0,Lincoln,Vimy, , ,-83.00000479,42.29685386
946,192,Walkerville 8,0, , ,0,Lincoln,Ypres, , ,-82.99882012,42.29499504
947,191,Walkerville 8,0, , ,0,Ypres,Kildare, , ,-82.99543241,42.29594487
948,190,Walkerville 8,0, , ,0,Ypres,Byng, , ,-82.99285993,42.2968434
949,189,Walkerville 8,0, , ,0,Ypres,Walker, , ,-82.99146415,42.29733496
950,188,Walkerville 8,0, , ,0,Walker,Somme, , ,-82.98993976,42.29509023
951,187,Walkerville 8,0, , ,0,Walker,St Julien, , ,-82.98834527,42.29264607
952,186,Walkerville 8,0, , ,0,Walker,Grand Marais, , ,-82.98718885,42.29064219
953,185,Walkerville 8,0, , ,0,Walker,Parkdale, , ,-82.98481634,42.28739848
954,184,Walkerville 8,0, , ,0,Walker,Digby, , ,-82.98366707,42.28556266
955,183,Walkerville 8,0, , ,0,Walker,Sydney, , ,-82.98024954,42.28017201
956,182,Walkerville 8,0, , ,0,Walker,Seymour, , ,-82.97891833,42.27798749
957,181,Walkerville 8,0, , ,0,Walker,Foster, , ,-82.97759058,42.27589482
958,180,Walkerville 8,0, , ,0,Walker,Lappan, , ,-82.97615321,42.27369017
959,179,Walkerville 8,0, , ,0,Walker,Calderwood, , ,-82.97489098,42.27169101
960,178,Walkerville 8,0, , ,0,Walker,Melinda, , ,-82.97354071,42.26954208
961,177,Walkerville 8,0, , ,0,Walker,Ledyard, , ,-82.97233414,42.26758751
962,176,Walkerville 8,0, , ,0,Walker,Division, , ,-82.96968447,42.26333374
963,175,Walkerville 8,0, , ,0,Walker,Home Depot Plaza, , ,-82.9682831,42.26116109
964,174,Walkerville 8,0, , ,0,Walker,Canada Post, , ,-82.96706839,42.25915835
965,173,Walkerville 8,0, , ,0,Walker,Best Buy, , ,-82.96580696,42.25723896
966,172,Walkerville 8,0, , ,0,Walker,Costco, , ,-82.96476411,42.25557323
967,171,Walkerville 8,0, , ,0,Walker,Legacy Park, , ,-82.96317705,42.25289943
968,170,Walkerville 8,0, , ,0,Walker,Ducharme, , ,-82.96328654,42.24709516
969,169,Walkerville 8,0, , ,0,Walker,401, , ,-82.96344706,42.2448635
970,168,Walkerville 8,0, , ,0,Walker,U-Haul, , ,-82.96359197,42.24290608
971,167,Walkerville 8,0, , ,0,Walker,North Talbot, , ,-82.96386785,42.23930389
972,166,Walkerville 8,0, , ,0,North Talbot,Halford, , ,-82.96585365,42.23946576
973,165,Walkerville 8,0, , ,0,North Talbot,Burke, , ,-82.96872573,42.24017927
974,164,Walkerville 8,0, , ,0,North Talbot,Dumouchelle, , ,-82.9715405,42.24086262
975,163,Walkerville 8,0, , ,0,North Talbot,Pioneer, , ,-82.97966398,42.24280421
976,162,Walkerville 8,0, , ,0,North Talbot,Sixth Concession, , ,-82.98150874,42.24326045
977,161,Walkerville 8,0, , ,0,Sixth Concession,401, , ,-82.9796677,42.24514306
978,160,Walkerville 8,0, , ,0,Sixth Concession,Holburn, , ,-82.97946885,42.24998222
979,159,Walkerville 8,0, , ,0,Holburn,Spago, , ,-82.976627,42.25000205
980,158,Walkerville 8,0, , ,0,Holburn,Ducharme, , ,-82.97449828,42.24993217
981,157,Walkerville 8,0, , ,0,Ducharme,Canberra, , ,-82.9739624,42.24823503
982,156,Walkerville 8,0, , ,0,Ducharme,Periwinkle, , ,-82.97110963,42.24787405
983,155,Walkerville 8,0, , ,0,Ducharme,Fontana, , ,-82.96831825,42.24777762
984,154,Walkerville 8,0, , ,0,Ducharme,Lavender, , ,-82.96642293,42.24771208
985,153,Walkerville 8,0, , ,0,Ducharme,Walker, , ,-82.96364283,42.24763179
986,152,Walkerville 8,0, , ,0,Walker,7th Concession, , ,-82.96360681,42.2542424
987,151,Walkerville 8,0, , ,0,Walker,Walker Crossings, , ,-82.96515464,42.2567243
988,150,Walkerville 8,0, , ,0,Walker,Canadian Tire, , ,-82.96652818,42.25890823
989,149,Walkerville 8,0, , ,0,Walker,Ferrari Plaza, , ,-82.9678083,42.26092265
990,148,Walkerville 8,0, , ,0,Windsor Airport,Front Entrance, , ,-82.95969844,42.26560012
991,147,Walkerville 8,0, , ,0,Walker,Division, , ,-82.96945733,42.26354545
992,146,Walkerville 8,0, , ,0,Walker,Moxlay, , ,-82.97110758,42.26613472
993,145,Walkerville 8,0, , ,0,Walker,Ledyard, , ,-82.97196321,42.26746729
994,144,Walkerville 8,0, , ,0,Walker,Melinda, , ,-82.97372352,42.27020705
995,143,Walkerville 8,0, , ,0,Walker,Calderwood, , ,-82.97495781,42.27216203
996,142,Walkerville 8,0, , ,0,Walker,Lappan, , ,-82.97633488,42.27439374
997,141,Walkerville 8,0, , ,0,Walker,Foster, , ,-82.97781045,42.27675239
998,140,Walkerville 8,0, , ,0,Walker,Seymour, , ,-82.97941513,42.27927016
999,139,Walkerville 8,0, , ,0,Walker,Sydney, , ,-82.98049637,42.28095613
"1,000",138,Walkerville 8,0, , ,0,Walker,Digby, , ,-82.98389379,42.28643706
"1,001",137,Walkerville 8,0, , ,0,Walker,Parkdale, , ,-82.98565806,42.28918334
"1,002",136,Walkerville 8,0, , ,0,Walker,Grand Marais, , ,-82.98713299,42.29104541
"1,003",135,Walkerville 8,0, , ,0,Walker,St Julien, , ,-82.9886094,42.29347711
"1,004",134,Walkerville 8,0, , ,0,Walker,Somme, , ,-82.98979529,42.29532912
"1,005",133,Walkerville 8,0, , ,0,Ypres,Turner, , ,-82.99221828,42.29726573
"1,006",132,Walkerville 8,0, , ,0,Ypres,Byng, , ,-82.9936618,42.29673761
"1,007",131,Walkerville 8,0, , ,0,Ypres,Kildare, , ,-82.99577909,42.29598561
"1,008",130,Walkerville 8,0, , ,0,Ypres,Lincoln, , ,-82.99830342,42.29509324
"1,009",129,Walkerville 8,0, , ,0,Lincoln,Vimy, , ,-83.00008675,42.29723007
"1,010",128,Walkerville 8,0, , ,0,Lincoln,Tecumseh, , ,-83.00229084,42.30067324
"1,011",127,Walkerville 8,0, , ,0,Lincoln,Seneca, , ,-83.00414527,42.30350435
"1,012",126,Walkerville 8,0, , ,0,Lincoln,ETR Rail Tracks, , ,-83.00550037,42.30559419
"1,013",125,Walkerville 8,0, , ,0,Lincoln,Shepherd, , ,-83.00691938,42.30784701
"1,014",124,Walkerville 8,0, , ,0,Lincoln,Ottawa, , ,-83.00911282,42.31122567
"1,015",123,Walkerville 8,0, , ,0,Lincoln,Ontario, , ,-83.01067932,42.3136675
"1,016",122,Walkerville 8,0, , ,0,Lincoln,Richmond, , ,-83.01172326,42.31530186
"1,017",121,Walkerville 8,0, , ,0,Lincoln,Erie, , ,-83.01263142,42.31667227
"1,018",120,Walkerville 8,0, , ,0,Lincoln,Niagara, , ,-83.01376853,42.31846313
"1,019",119,Walkerville 8,0, , ,0,Lincoln,Cataraqui, , ,-83.01478808,42.32003466
"1,020",118,Walkerville 8,0, , ,0,Lincoln,Wyandotte, , ,-83.01603272,42.32197827
"1,021",117,Walkerville 8,0, , ,0,Lincoln,Assumption, , ,-83.01691053,42.32332393
"1,022",116,Walkerville 8,0, , ,0,Riverside,Hall, , ,-83.02158294,42.32460651
"1,023",115,Walkerville 8,0, , ,0,Riverside,Parent, , ,-83.02671974,42.32272463
"1,024",114,Walkerville 8,0, , ,0,Riverside,Louis, , ,-83.03042194,42.32176515
"1,025",113,Walkerville 8,0, , ,0,Riverside,Goyeau, , ,-83.0386882,42.32004998
"1,026",112,Walkerville 8,0, , ,0,Ferry,Pitt, , ,-83.04160963,42.31866257
"1,027",111,Lauzon 10,0, , ,0,Tecumseh Mall,Rear Entrance, , ,-82.9367009,42.31590819
"1,028",110,Lauzon 10,0, , ,0,Lauzon,Lilac, , ,-82.9284678,42.3086901
"1,029",109,Lauzon 10,0, , ,0,Banwell,Palmetto, , ,-82.90034795,42.31072743
"1,030",108,Lauzon 10,0, , ,0,Banwell,Tecumseh, , ,-82.90102469,42.31347925
"1,031",107,Lauzon 10,0, , ,0,Banwell,McNorton, , ,-82.90151554,42.3152898
"1,032",106,Lauzon 10,0, , ,0,McHugh,Questa, , ,-82.90360198,42.31729416
"1,033",105,Lauzon 10,0, , ,0,McHugh,Trappers, , ,-82.90598815,42.31757489
"1,034",104,Lauzon 10,0, , ,0,McHugh,Venetian, , ,-82.90920866,42.31793444
"1,035",103,Lauzon 10,0, , ,0,McHugh,Clover, , ,-82.91136548,42.3181541
"1,036",102,Lauzon 10,0, , ,0,McHugh,Mickey Renaud Way, , ,-82.92671002,42.3209043
"1,037",101,Lauzon 10,0, , ,0,McHugh,Darfield, , ,-82.93268879,42.32255707
"1,038",100,Lauzon 10,0, , ,0,McHugh,Lauzon, , ,-82.93664707,42.32217822
"1,039",99,Lauzon 10,0, , ,0,Tecumseh Mall,Rear Entrance, , ,-82.93697154,42.31602911
"1,040",98,Lauzon 10,0, , ,0,McHugh,Lauzon, , ,-82.93631651,42.32200656
"1,041",97,Lauzon 10,0, , ,0,McHugh,Darfield, , ,-82.9324537,42.32237517
"1,042",96,Lauzon 10,0, , ,0,McHugh,Mickey Renuad Way, , ,-82.92695754,42.32077254
"1,043",95,Lauzon 10,0, , ,0,McHugh,Clover, , ,-82.91302881,42.3181533
"1,044",94,Lauzon 10,0, , ,0,Clover,Little River, , ,-82.91315171,42.3248069
"1,045",93,Lauzon 10,0, , ,0,Little River,Pearson, , ,-82.910406,42.32514678
"1,046",92,Lauzon 10,0, , ,0,Little River,Chateau, , ,-82.90721277,42.32539015
"1,047",91,Lauzon 10,0, , ,0,Little River,Jarvis, , ,-82.90079355,42.32566934
"1,048",90,Lauzon 10,0, , ,0,Cora Greenwood,Little River, , ,-82.89839652,42.32645329
"1,049",89,Lauzon 10,0, , ,0,Cora Greenwood,Castle Hill, , ,-82.89896828,42.32880477
"1,050",88,Lauzon 10,0, , ,0,Cora Greenwood,Dillon, , ,-82.89946266,42.33084013
"1,051",87,Lauzon 10,0, , ,0,Cora Greenwood,Riverside, , ,-82.90006939,42.33335634
"1,052",86,Lauzon 10,0, , ,0,Riverside,Jarvis, , ,-82.90271343,42.33421005
"1,053",85,Lauzon 10,0, , ,0,Wyandotte,Greendale, , ,-82.93100137,42.33366053
"1,054",84,Lauzon 10,0, , ,0,Wyandotte,Westchester, , ,-82.93263611,42.33361481
"1,055",83,Lauzon 10,0, , ,0,Wyandotte,Isack, , ,-82.93538233,42.33359022
"1,056",82,Lauzon 10,0, , ,0,Wyandotte,Riverside Plaza, , ,-82.93880215,42.33357011
"1,057",81,Lauzon 10,0, , ,0,Wyandotte,Watson, , ,-82.94050599,42.33356392
"1,058",80,Lauzon 10,0, , ,0,Lauzon,Wyandotte, , ,-82.94369968,42.33292476
"1,059",79,Lauzon 10,0, , ,0,Lauzon,St Rose, , ,-82.94154683,42.32940214
"1,060",78,Parent 14,0, , ,0,Transit Terminal,Chatham, , ,-83.043372,42.31750338
"1,061",77,Parent 14,0, , ,0,Ferry,Riverside, , ,-83.04161356,42.31903463
"1,062",76,Parent 14,0, , ,0,Glengarry,University, , ,-83.03135595,42.31881348
"1,063",75,Parent 14,0, , ,0,Glengarry,Wyandotte, , ,-83.0297664,42.31631911
"1,064",74,Parent 14,0, , ,0,Howard,Niagara, , ,-83.02731751,42.3137732
"1,065",73,Parent 14,0, , ,0,Parent,Erie, , ,-83.02037069,42.31308978
"1,066",72,Parent 14,0, , ,0,Parent,Giles, , ,-83.01871976,42.31056464
"1,067",71,Parent 14,0, , ,0,Parent,Ottawa, , ,-83.01693124,42.30778023
"1,068",70,Parent 14,0, , ,0,Parent,Ellis, , ,-83.0159057,42.30619131
"1,069",69,Parent 14,0, , ,0,Parent,Shepherd, , ,-83.01501256,42.30481579
"1,070",68,Parent 14,0, , ,0,Parent,Hanna, , ,-83.01368614,42.30275772
"1,071",67,Parent 14,0, , ,0,Parent,Tecumseh, , ,-83.01148603,42.29937697
"1,072",66,Parent 14,0, , ,0,Eugenie,Remington, , ,-83.01173412,42.2886901
"1,073",65,Parent 14,0, , ,0,Eugenie,Lillian, , ,-83.00968515,42.28940743
"1,074",64,Parent 14,0, , ,0,Eugenie,South Pacific, , ,-83.00830197,42.28991038
"1,075",63,Parent 14,0, , ,0,South Pacific,Parent, , ,-83.00582771,42.29003348
"1,076",62,Parent 14,0, , ,0,South Pacific,Jeremiah, , ,-83.00173092,42.28979797
"1,077",61,Parent 14,0, , ,0,Southdale,South Pacific, , ,-82.99826673,42.28882
"1,078",60,Parent 14,0, , ,0,Southdale,Bramley, , ,-82.9946257,42.2890858
"1,079",59,Parent 14,0, , ,0,Slater,Southdale, , ,-82.99184997,42.28899578
"1,080",58,Parent 14,0, , ,0,Slater,Glenbrook, , ,-82.99073435,42.28907778
"1,081",57,Parent 14,0, , ,0,Slater,Grand Marais, , ,-82.99025697,42.28826044
"1,082",56,Parent 14,0, , ,0,Grand Marais,Southdale, , ,-82.99165367,42.28702943
"1,083",55,Parent 14,0, , ,0,Grand Marais,Garvey, , ,-82.99363819,42.28591625
"1,084",54,Parent 14,0, , ,0,Grand Marais,South Pacific, , ,-82.99719979,42.28439028
"1,085",53,Parent 14,0, , ,0,Grand Marais,Langlois, , ,-82.99941347,42.2835308
"1,086",52,Parent 14,0, , ,0,Langlois,North Service, , ,-82.99812392,42.28104512
"1,087",51,Parent 14,0, , ,0,North Service,Conservation, , ,-82.99321733,42.28179456
"1,088",50,Parent 14,0, , ,0,Conservation,South Service, , ,-82.99291851,42.28112621
"1,089",49,Parent 14,0, , ,0,South Service,Parkwood, , ,-82.99539126,42.2805799
"1,090",48,Parent 14,0, , ,0,South Service,Parkwood, , ,-82.99453666,42.28058209
"1,091",47,Parent 14,0, , ,0,South Service,Conservation, , ,-82.99301764,42.28087473
"1,092",46,Parent 14,0, , ,0,Conservation,North Service, , ,-82.99299463,42.28176651
"1,093",45,Parent 14,0, , ,0,North Service,Langlois, , ,-82.99784764,42.28101209
"1,094",44,Parent 14,0, , ,0,Langlois,Grand Marais, , ,-82.99944289,42.28339744
"1,095",43,Parent 14,0, , ,0,Grand Marais,South Pacific, , ,-82.99702379,42.28433772
"1,096",42,Parent 14,0, , ,0,Grand Marais,Garvey, , ,-82.9933645,42.28594155
"1,097",41,Parent 14,0, , ,0,Slater,Hartford, , ,-82.99027292,42.28853437
"1,098",40,Parent 14,0, , ,0,Slater,Glenbrook, , ,-82.99071086,42.28926762
"1,099",39,Parent 14,0, , ,0,Slater,Southdale, , ,-82.99207022,42.2890251
"1,100",38,Parent 14,0, , ,0,Southdale,Bramley, , ,-82.99534215,42.28917184
"1,101",37,Parent 14,0, , ,0,Southdale,South Pacific, , ,-82.99831344,42.28891227
"1,102",36,Parent 14,0, , ,0,South Pacific,Jeremiah, , ,-83.00196772,42.28991378
"1,103",35,Parent 14,0, , ,0,South Pacific,Parent, , ,-83.00617894,42.2901442
"1,104",34,Parent 14,0, , ,0,Eugenie,Lillian, , ,-83.0094255,42.28963974
"1,105",33,Parent 14,0, , ,0,Eugenie,Remington, , ,-83.01192667,42.28875961
"1,106",32,Parent 14,0, , ,0,Howard,Tecumseh, , ,-83.01680899,42.29771356
"1,107",31,Parent 14,0, , ,0,Parent,Tecumseh, , ,-83.01128621,42.29941227
"1,108",30,Parent 14,0, , ,0,Parent,Hanna, , ,-83.0134114,42.3026872
"1,109",29,Parent 14,0, , ,0,Parent,Shepherd, , ,-83.01487382,42.30498686
"1,110",28,Parent 14,0, , ,0,Parent,Ellis, , ,-83.01577859,42.30637751
"1,111",27,Parent 14,0, , ,0,Parent,Giles, , ,-83.01866301,42.31080033
"1,112",26,Parent 14,0, , ,0,Erie,Howard, , ,-83.02575958,42.31188424
"1,113",25,Parent 14,0, , ,0,Howard,Elliott, , ,-83.0273615,42.31416808
"1,114",24,Parent 14,0, , ,0,Aylmer,Wyandotte, , ,-83.02862037,42.31737602
"1,115",23,Parent 14,0, , ,0,Aylmer,Assumption, , ,-83.02979698,42.31920742
"1,116",22,Parent 14,0, , ,0,Chatham,Glengarry, , ,-83.03188972,42.32014347
"1,117",21,Tunnel Bus,0, , ,0,Pitt,Goyeau, , ,-83.03828541,42.31925417
"1,118",20,Tunnel Bus,0, , ,0,Goyeau,Park, , ,-83.03612041,42.31638017
"1,119",19,Tunnel Bus,0, , ,0,Canada Customs,Duty Free, , ,-83.03655841,42.31578617
"1,120",18,Tunnel Bus,0, , ,0,US Customs,US Customs, , ,-83.04156141,42.32823818
"1,121",17,Tunnel Bus,0, , ,0,Tunnel Platform,Jefferson, , ,-83.04166341,42.32961518
"1,122",16,Tunnel Bus,0, , ,0,Beaubien,Jefferson, , ,-83.03985741,42.33122218
"1,123",15,Tunnel Bus,0, , ,0,Congress,Beaubien, , ,-83.04121041,42.33226718
"1,124",14,Tunnel Bus,0, , ,0,Congress,Randolph, , ,-83.04367541,42.33119518
"1,125",13,Tunnel Bus,0, , ,0,Woodward,Larned, , ,-83.04558441,42.32963218
"1,126",12,Tunnel Bus,0, , ,0,Washington,COBO, , ,-83.04822141,42.32769417
"1,127",11,Tunnel Bus,0, , ,0,Fort,Cass, , ,-83.05042641,42.32953818
"1,128",10,Tunnel Bus,0, , ,0,Cass,Lafayette, , ,-83.05147341,42.33039718
"1,129",9,Tunnel Bus,0, , ,0,Cass,Michigan, , ,-83.05237441,42.33151318
"1,130",8,Tunnel Bus,0, , ,0,Times Square,RPTC, , ,-83.05244641,42.33327418
"1,131",7,Tunnel Bus,0, , ,0,Michigan,Shelby, , ,-83.05010141,42.33157418
"1,132",6,Tunnel Bus,0, , ,0,Griswold,Congress, , ,-83.04657041,42.32954918
"1,133",5,Tunnel Bus,0, , ,0,Tunnel Platform,Mariners Church, , ,-83.04206541,42.32899718
"1,134",4,Tunnel Bus,0, , ,0,Park,Goyeau, , ,-83.03699601,42.31667182
"1,135",3,Tunnel Bus,0, , ,0,Riverside,McDougall, , ,-83.03580441,42.32052117
"1,136",2,Tunnel Bus,0, , ,0,Windsor International Transit Terminal,Chatham, , ,-83.04325841,42.31790617
"1,137",1,Special Events,0, , ,0,Broadway,Witherell, , ,-83.04932141,42.33643318
